sensor_id;sensor_type;location;lat;lon;timestamp;P1;durP1;ratioP1;P2;durP2;ratioP2
48807;SDS011;41223;49.96402185;8.27850800;2021-02-02T00:00:59;13.73;;;10.60;;
48807;SDS011;41223;49.96402185;8.27850800;2021-02-02T00:03:34;15.18;;;10.68;;
48807;SDS011;41223;49.96402185;8.27850800;2021-02-02T00:06:00;14.38;;;10.68;;
48807;SDS011;41223;49.96402185;8.27850800;2021-02-02T00:08:29;14.00;;;11.15;;
48807;SDS011;41223;49.96402185;8.27850800;2021-02-02T00:10:55;15.55;;;12.23;;
48807;SDS011;41223;49.96402185;8.27850800;2021-02-02T00:13:22;13.20;;;10.27;;
48807;SDS011;41223;49.96402185;8.27850800;2021-02-02T00:15:50;12.77;;;10.30;;
48807;SDS011;41223;49.96402185;8.27850800;2021-02-02T00:18:16;12.63;;;10.52;;
48807;SDS011;41223;49.96402185;8.27850800;2021-02-02T00:20:42;11.98;;;10.32;;
48807;SDS011;41223;49.96402185;8.27850800;2021-02-02T00:23:09;13.98;;;10.02;;
48807;SDS011;41223;49.96402185;8.27850800;2021-02-02T00:25:37;12.63;;;10.55;;
48807;SDS011;41223;49.96402185;8.27850800;2021-02-02T00:28:04;13.70;;;9.70;;
48807;SDS011;41223;49.96402185;8.27850800;2021-02-02T00:30:34;12.60;;;10.27;;
48807;SDS011;41223;49.96402185;8.27850800;2021-02-02T00:33:08;12.23;;;9.48;;
48807;SDS011;41223;49.96402185;8.27850800;2021-02-02T00:35:40;10.50;;;7.95;;
48807;SDS011;41223;49.96402185;8.27850800;2021-02-02T00:38:07;9.63;;;8.27;;
48807;SDS011;41223;49.96402185;8.27850800;2021-02-02T00:40:34;10.15;;;8.25;;
48807;SDS011;41223;49.96402185;8.27850800;2021-02-02T00:43:00;11.60;;;9.05;;
48807;SDS011;41223;49.96402185;8.27850800;2021-02-02T00:45:27;11.18;;;9.32;;
48807;SDS011;41223;49.96402185;8.27850800;2021-02-02T00:48:00;13.77;;;9.77;;
48807;SDS011;41223;49.96402185;8.27850800;2021-02-02T00:50:32;11.40;;;9.82;;
48807;SDS011;41223;49.96402185;8.27850800;2021-02-02T00:53:01;13.25;;;10.85;;
48807;SDS011;41223;49.96402185;8.27850800;2021-02-02T00:55:28;12.13;;;9.88;;
48807;SDS011;41223;49.96402185;8.27850800;2021-02-02T00:57:54;12.27;;;10.05;;
48807;SDS011;41223;49.96402185;8.27850800;2021-02-02T01:00:25;12.57;;;9.55;;
48807;SDS011;41223;49.96402185;8.27850800;2021-02-02T01:02:55;13.98;;;9.95;;
48807;SDS011;41223;49.96402185;8.27850800;2021-02-02T01:05:23;11.35;;;8.57;;
48807;SDS011;41223;49.96402185;8.27850800;2021-02-02T01:07:50;8.35;;;7.25;;
48807;SDS011;41223;49.96402185;8.27850800;2021-02-02T01:10:18;6.13;;;5.53;;
48807;SDS011;41223;49.96402185;8.27850800;2021-02-02T01:12:44;6.03;;;4.75;;
48807;SDS011;41223;49.96402185;8.27850800;2021-02-02T01:15:15;5.45;;;4.75;;
48807;SDS011;41223;49.96402185;8.27850800;2021-02-02T01:18:09;5.70;;;4.23;;
48807;SDS011;41223;49.96402185;8.27850800;2021-02-02T01:20:39;4.97;;;4.10;;
48807;SDS011;41223;49.96402185;8.27850800;2021-02-02T01:23:05;5.50;;;3.90;;
48807;SDS011;41223;49.96402185;8.27850800;2021-02-02T01:25:31;4.55;;;3.47;;
48807;SDS011;41223;49.96402185;8.27850800;2021-02-02T01:27:59;3.92;;;3.45;;
48807;SDS011;41223;49.96402185;8.27850800;2021-02-02T01:30:27;3.67;;;3.28;;
48807;SDS011;41223;49.96402185;8.27850800;2021-02-02T01:33:00;3.30;;;3.00;;
48807;SDS011;41223;49.96402185;8.27850800;2021-02-02T01:35:31;3.58;;;3.10;;
48807;SDS011;41223;49.96402185;8.27850800;2021-02-02T01:37:59;3.90;;;3.38;;
48807;SDS011;41223;49.96402185;8.27850800;2021-02-02T01:42:58;3.58;;;2.97;;
48807;SDS011;41223;49.96402185;8.27850800;2021-02-02T01:45:34;3.63;;;3.22;;
48807;SDS011;41223;49.96402185;8.27850800;2021-02-02T01:51:05;3.83;;;3.10;;
48807;SDS011;41223;49.96402185;8.27850800;2021-02-02T01:53:57;4.25;;;3.22;;
48807;SDS011;41223;49.96402185;8.27850800;2021-02-02T01:56:29;3.67;;;3.25;;
48807;SDS011;41223;49.96402185;8.27850800;2021-02-02T01:59:03;3.92;;;3.40;;
48807;SDS011;41223;49.96402185;8.27850800;2021-02-02T02:01:34;5.68;;;3.92;;
48807;SDS011;41223;49.96402185;8.27850800;2021-02-02T02:04:03;4.28;;;3.70;;
48807;SDS011;41223;49.96402185;8.27850800;2021-02-02T02:06:29;5.07;;;4.20;;
48807;SDS011;41223;49.96402185;8.27850800;2021-02-02T02:08:55;4.80;;;3.72;;
48807;SDS011;41223;49.96402185;8.27850800;2021-02-02T02:14:11;3.92;;;3.53;;
48807;SDS011;41223;49.96402185;8.27850800;2021-02-02T02:16:49;4.38;;;3.97;;
48807;SDS011;41223;49.96402185;8.27850800;2021-02-02T02:22:46;5.30;;;4.45;;
48807;SDS011;41223;49.96402185;8.27850800;2021-02-02T02:25:27;5.35;;;4.78;;
48807;SDS011;41223;49.96402185;8.27850800;2021-02-02T02:28:56;5.82;;;5.03;;
48807;SDS011;41223;49.96402185;8.27850800;2021-02-02T02:31:49;5.28;;;4.35;;
48807;SDS011;41223;49.96402185;8.27850800;2021-02-02T02:34:25;6.00;;;5.40;;
48807;SDS011;41223;49.96402185;8.27850800;2021-02-02T02:37:19;5.43;;;4.93;;
48807;SDS011;41223;49.96402185;8.27850800;2021-02-02T02:40:50;6.72;;;6.03;;
48807;SDS011;41223;49.96402185;8.27850800;2021-02-02T02:43:02;7.20;;;5.38;;
48807;SDS011;41223;49.96402185;8.27850800;2021-02-02T02:45:54;6.80;;;6.10;;
48807;SDS011;41223;49.96402185;8.27850800;2021-02-02T02:48:32;6.32;;;5.32;;
48807;SDS011;41223;49.96402185;8.27850800;2021-02-02T02:51:04;7.43;;;6.72;;
48807;SDS011;41223;49.96402185;8.27850800;2021-02-02T02:53:36;6.78;;;6.07;;
48807;SDS011;41223;49.96402185;8.27850800;2021-02-02T02:56:11;6.60;;;5.90;;
48807;SDS011;41223;49.96402185;8.27850800;2021-02-02T02:58:42;8.13;;;7.32;;
48807;SDS011;41223;49.96402185;8.27850800;2021-02-02T03:01:12;7.68;;;6.88;;
48807;SDS011;41223;49.96402185;8.27850800;2021-02-02T03:03:42;7.95;;;7.15;;
48807;SDS011;41223;49.96402185;8.27850800;2021-02-02T03:06:11;8.15;;;7.38;;
48807;SDS011;41223;49.96402185;8.27850800;2021-02-02T03:08:44;8.60;;;7.70;;
48807;SDS011;41223;49.96402185;8.27850800;2021-02-02T03:11:15;8.10;;;7.30;;
48807;SDS011;41223;49.96402185;8.27850800;2021-02-02T03:13:42;7.72;;;6.93;;
48807;SDS011;41223;49.96402185;8.27850800;2021-02-02T03:18:42;7.88;;;6.60;;
48807;SDS011;41223;49.96402185;8.27850800;2021-02-02T03:21:24;8.13;;;7.18;;
48807;SDS011;41223;49.96402185;8.27850800;2021-02-02T03:24:16;11.23;;;8.25;;
48807;SDS011;41223;49.96402185;8.27850800;2021-02-02T03:26:59;10.30;;;9.02;;
48807;SDS011;41223;49.96402185;8.27850800;2021-02-02T03:29:31;11.23;;;10.13;;
48807;SDS011;41223;49.96402185;8.27850800;2021-02-02T03:32:01;10.55;;;9.55;;
48807;SDS011;41223;49.96402185;8.27850800;2021-02-02T03:34:40;11.07;;;9.90;;
48807;SDS011;41223;49.96402185;8.27850800;2021-02-02T03:37:26;11.38;;;10.23;;
48807;SDS011;41223;49.96402185;8.27850800;2021-02-02T03:40:17;12.43;;;10.85;;
48807;SDS011;41223;49.96402185;8.27850800;2021-02-02T03:42:52;11.20;;;10.07;;
48807;SDS011;41223;49.96402185;8.27850800;2021-02-02T03:45:33;11.63;;;10.43;;
48807;SDS011;41223;49.96402185;8.27850800;2021-02-02T03:48:08;14.27;;;11.50;;
48807;SDS011;41223;49.96402185;8.27850800;2021-02-02T03:50:40;13.07;;;11.68;;
48807;SDS011;41223;49.96402185;8.27850800;2021-02-02T03:56:24;13.55;;;11.95;;
48807;SDS011;41223;49.96402185;8.27850800;2021-02-02T03:58:57;14.18;;;12.73;;
48807;SDS011;41223;49.96402185;8.27850800;2021-02-02T04:01:26;14.10;;;12.60;;
48807;SDS011;41223;49.96402185;8.27850800;2021-02-02T04:03:59;15.98;;;11.73;;
48807;SDS011;41223;49.96402185;8.27850800;2021-02-02T04:06:30;12.07;;;10.77;;
48807;SDS011;41223;49.96402185;8.27850800;2021-02-02T04:09:12;12.52;;;10.90;;
48807;SDS011;41223;49.96402185;8.27850800;2021-02-02T04:11:49;13.00;;;10.38;;
48807;SDS011;41223;49.96402185;8.27850800;2021-02-02T04:17:26;11.80;;;9.73;;
48807;SDS011;41223;49.96402185;8.27850800;2021-02-02T04:20:24;11.63;;;9.30;;
48807;SDS011;41223;49.96402185;8.27850800;2021-02-02T04:22:54;11.82;;;9.43;;
48807;SDS011;41223;49.96402185;8.27850800;2021-02-02T04:25:23;11.73;;;9.85;;
48807;SDS011;41223;49.96402185;8.27850800;2021-02-02T04:27:51;13.77;;;9.98;;
48807;SDS011;41223;49.96402185;8.27850800;2021-02-02T04:30:22;11.50;;;9.85;;
48807;SDS011;41223;49.96402185;8.27850800;2021-02-02T04:32:49;13.27;;;10.43;;
48807;SDS011;41223;49.96402185;8.27850800;2021-02-02T04:35:17;12.60;;;10.45;;
48807;SDS011;41223;49.96402185;8.27850800;2021-02-02T04:37:45;12.95;;;10.27;;
48807;SDS011;41223;49.96402185;8.27850800;2021-02-02T04:40:15;10.98;;;9.77;;
48807;SDS011;41223;49.96402185;8.27850800;2021-02-02T04:43:10;11.23;;;9.45;;
48807;SDS011;41223;49.96402185;8.27850800;2021-02-02T04:48:32;11.35;;;9.07;;
48807;SDS011;41223;49.96402185;8.27850800;2021-02-02T04:51:09;13.15;;;10.85;;
48807;SDS011;41223;49.96402185;8.27850800;2021-02-02T04:53:38;11.38;;;9.23;;
48807;SDS011;41223;49.96402185;8.27850800;2021-02-02T04:56:16;12.65;;;10.20;;
48807;SDS011;41223;49.96402185;8.27850800;2021-02-02T04:59:31;10.52;;;9.15;;
48807;SDS011;41223;49.96402185;8.27850800;2021-02-02T05:05:13;11.00;;;8.40;;
48807;SDS011;41223;49.96402185;8.27850800;2021-02-02T05:10:39;11.38;;;9.55;;
48807;SDS011;41223;49.96402185;8.27850800;2021-02-02T05:13:30;10.68;;;8.85;;
48807;SDS011;41223;49.96402185;8.27850800;2021-02-02T05:19:02;8.90;;;7.60;;
48807;SDS011;41223;49.96402185;8.27850800;2021-02-02T05:21:48;8.45;;;7.22;;
48807;SDS011;41223;49.96402185;8.27850800;2021-02-02T05:24:40;8.85;;;7.13;;
48807;SDS011;41223;49.96402185;8.27850800;2021-02-02T05:27:19;9.02;;;7.65;;
48807;SDS011;41223;49.96402185;8.27850800;2021-02-02T05:29:51;8.45;;;7.18;;
48807;SDS011;41223;49.96402185;8.27850800;2021-02-02T05:32:33;9.65;;;7.55;;
48807;SDS011;41223;49.96402185;8.27850800;2021-02-02T05:35:08;10.30;;;8.20;;
48807;SDS011;41223;49.96402185;8.27850800;2021-02-02T05:37:42;9.82;;;8.48;;
48807;SDS011;41223;49.96402185;8.27850800;2021-02-02T05:40:10;11.93;;;9.43;;
48807;SDS011;41223;49.96402185;8.27850800;2021-02-02T05:42:38;13.20;;;10.45;;
48807;SDS011;41223;49.96402185;8.27850800;2021-02-02T05:45:12;12.20;;;9.93;;
48807;SDS011;41223;49.96402185;8.27850800;2021-02-02T05:47:52;13.65;;;9.90;;
48807;SDS011;41223;49.96402185;8.27850800;2021-02-02T05:50:30;12.57;;;10.45;;
48807;SDS011;41223;49.96402185;8.27850800;2021-02-02T05:53:07;11.70;;;9.23;;
48807;SDS011;41223;49.96402185;8.27850800;2021-02-02T05:55:59;8.48;;;7.57;;
48807;SDS011;41223;49.96402185;8.27850800;2021-02-02T05:58:29;9.38;;;7.88;;
48807;SDS011;41223;49.96402185;8.27850800;2021-02-02T06:01:03;9.85;;;8.32;;
48807;SDS011;41223;49.96402185;8.27850800;2021-02-02T06:06:47;10.82;;;8.90;;
48807;SDS011;41223;49.96402185;8.27850800;2021-02-02T06:09:14;12.43;;;9.38;;
48807;SDS011;41223;49.96402185;8.27850800;2021-02-02T06:14:16;10.23;;;8.68;;
48807;SDS011;41223;49.96402185;8.27850800;2021-02-02T06:16:44;10.13;;;8.25;;
48807;SDS011;41223;49.96402185;8.27850800;2021-02-02T06:19:16;10.20;;;8.23;;
48807;SDS011;41223;49.96402185;8.27850800;2021-02-02T06:21:51;10.07;;;8.20;;
48807;SDS011;41223;49.96402185;8.27850800;2021-02-02T06:24:38;10.27;;;9.20;;
48807;SDS011;41223;49.96402185;8.27850800;2021-02-02T06:27:07;10.73;;;8.43;;
48807;SDS011;41223;49.96402185;8.27850800;2021-02-02T06:29:40;11.15;;;8.68;;
48807;SDS011;41223;49.96402185;8.27850800;2021-02-02T06:32:07;11.07;;;9.15;;
48807;SDS011;41223;49.96402185;8.27850800;2021-02-02T06:34:36;12.95;;;9.75;;
48807;SDS011;41223;49.96402185;8.27850800;2021-02-02T06:37:16;11.52;;;9.30;;
48807;SDS011;41223;49.96402185;8.27850800;2021-02-02T06:39:59;10.15;;;8.45;;
48807;SDS011;41223;49.96402185;8.27850800;2021-02-02T06:42:47;10.98;;;9.07;;
48807;SDS011;41223;49.96402185;8.27850800;2021-02-02T06:45:23;10.98;;;8.75;;
48807;SDS011;41223;49.96402185;8.27850800;2021-02-02T06:47:59;10.07;;;8.40;;
48807;SDS011;41223;49.96402185;8.27850800;2021-02-02T07:02:03;10.65;;;8.02;;
48807;SDS011;41223;49.96402185;8.27850800;2021-02-02T07:16:53;12.50;;;10.65;;
48807;SDS011;41223;49.96402185;8.27850800;2021-02-02T07:19:38;13.43;;;11.00;;
48807;SDS011;41223;49.96402185;8.27850800;2021-02-02T07:22:58;11.93;;;9.95;;
48807;SDS011;41223;49.96402185;8.27850800;2021-02-02T07:29:03;11.10;;;9.55;;
48807;SDS011;41223;49.96402185;8.27850800;2021-02-02T07:31:32;13.00;;;10.32;;
48807;SDS011;41223;49.96402185;8.27850800;2021-02-02T07:34:03;14.93;;;10.27;;
48807;SDS011;41223;49.96402185;8.27850800;2021-02-02T07:36:29;11.27;;;9.43;;
48807;SDS011;41223;49.96402185;8.27850800;2021-02-02T07:38:55;11.40;;;9.77;;
48807;SDS011;41223;49.96402185;8.27850800;2021-02-02T07:41:33;11.93;;;10.20;;
48807;SDS011;41223;49.96402185;8.27850800;2021-02-02T07:44:36;10.85;;;9.52;;
48807;SDS011;41223;49.96402185;8.27850800;2021-02-02T07:47:29;10.88;;;9.18;;
48807;SDS011;41223;49.96402185;8.27850800;2021-02-02T07:50:32;10.85;;;9.35;;
48807;SDS011;41223;49.96402185;8.27850800;2021-02-02T07:52:52;10.10;;;8.68;;
48807;SDS011;41223;49.96402185;8.27850800;2021-02-02T07:55:21;15.02;;;12.27;;
48807;SDS011;41223;49.96402185;8.27850800;2021-02-02T07:57:56;12.27;;;10.35;;
48807;SDS011;41223;49.96402185;8.27850800;2021-02-02T08:00:34;12.20;;;10.20;;
48807;SDS011;41223;49.96402185;8.27850800;2021-02-02T08:03:04;10.60;;;9.40;;
48807;SDS011;41223;49.96402185;8.27850800;2021-02-02T08:05:30;10.50;;;8.82;;
48807;SDS011;41223;49.96402185;8.27850800;2021-02-02T08:08:25;11.40;;;9.02;;
48807;SDS011;41223;49.96402185;8.27850800;2021-02-02T08:10:52;10.55;;;8.38;;
48807;SDS011;41223;49.96402185;8.27850800;2021-02-02T08:13:26;11.45;;;8.73;;
48807;SDS011;41223;49.96402185;8.27850800;2021-02-02T08:15:53;11.13;;;8.57;;
48807;SDS011;41223;49.96402185;8.27850800;2021-02-02T08:20:55;11.18;;;8.32;;
48807;SDS011;41223;49.96402185;8.27850800;2021-02-02T08:23:33;11.10;;;7.75;;
48807;SDS011;41223;49.96402185;8.27850800;2021-02-02T08:26:27;10.38;;;7.65;;
48807;SDS011;41223;49.96402185;8.27850800;2021-02-02T08:28:59;9.32;;;7.75;;
48807;SDS011;41223;49.96402185;8.27850800;2021-02-02T08:31:39;10.32;;;8.32;;
48807;SDS011;41223;49.96402185;8.27850800;2021-02-02T08:36:54;9.95;;;7.85;;
48807;SDS011;41223;49.96402185;8.27850800;2021-02-02T08:39:30;9.02;;;7.65;;
48807;SDS011;41223;49.96402185;8.27850800;2021-02-02T08:42:11;10.77;;;8.30;;
48807;SDS011;41223;49.96402185;8.27850800;2021-02-02T08:44:40;9.82;;;7.90;;
48807;SDS011;41223;49.96402185;8.27850800;2021-02-02T08:47:22;10.68;;;8.02;;
48807;SDS011;41223;49.96402185;8.27850800;2021-02-02T08:49:52;11.18;;;8.20;;
48807;SDS011;41223;49.96402185;8.27850800;2021-02-02T08:52:22;12.95;;;8.77;;
48807;SDS011;41223;49.96402185;8.27850800;2021-02-02T08:54:49;12.43;;;8.52;;
48807;SDS011;41223;49.96402185;8.27850800;2021-02-02T08:57:19;11.90;;;9.65;;
48807;SDS011;41223;49.96402185;8.27850800;2021-02-02T08:59:47;11.98;;;8.63;;
48807;SDS011;41223;49.96402185;8.27850800;2021-02-02T09:02:23;11.23;;;8.75;;
48807;SDS011;41223;49.96402185;8.27850800;2021-02-02T09:04:52;14.82;;;9.77;;
48807;SDS011;41223;49.96402185;8.27850800;2021-02-02T09:07:29;23.35;;;10.95;;
48807;SDS011;41223;49.96402185;8.27850800;2021-02-02T09:09:55;23.38;;;11.57;;
48807;SDS011;41223;49.96402185;8.27850800;2021-02-02T09:12:21;24.00;;;12.07;;
48807;SDS011;41223;49.96402185;8.27850800;2021-02-02T09:14:49;21.75;;;11.02;;
48807;SDS011;41223;49.96402185;8.27850800;2021-02-02T09:17:17;21.85;;;12.45;;
48807;SDS011;41223;49.96402185;8.27850800;2021-02-02T09:19:46;21.05;;;11.05;;
48807;SDS011;41223;49.96402185;8.27850800;2021-02-02T09:22:33;20.02;;;12.02;;
48807;SDS011;41223;49.96402185;8.27850800;2021-02-02T09:25:08;20.60;;;12.02;;
48807;SDS011;41223;49.96402185;8.27850800;2021-02-02T09:27:44;21.33;;;11.93;;
48807;SDS011;41223;49.96402185;8.27850800;2021-02-02T09:30:12;17.75;;;11.75;;
48807;SDS011;41223;49.96402185;8.27850800;2021-02-02T09:32:47;15.63;;;10.93;;
48807;SDS011;41223;49.96402185;8.27850800;2021-02-02T09:35:13;13.93;;;10.82;;
48807;SDS011;41223;49.96402185;8.27850800;2021-02-02T09:37:41;21.00;;;11.57;;
48807;SDS011;41223;49.96402185;8.27850800;2021-02-02T09:42:50;27.75;;;14.00;;
48807;SDS011;41223;49.96402185;8.27850800;2021-02-02T09:45:18;27.48;;;11.82;;
48807;SDS011;41223;49.96402185;8.27850800;2021-02-02T09:47:56;39.97;;;14.32;;
48807;SDS011;41223;49.96402185;8.27850800;2021-02-02T09:50:24;23.23;;;12.90;;
48807;SDS011;41223;49.96402185;8.27850800;2021-02-02T09:52:58;16.20;;;10.50;;
48807;SDS011;41223;49.96402185;8.27850800;2021-02-02T09:55:28;16.55;;;11.63;;
48807;SDS011;41223;49.96402185;8.27850800;2021-02-02T09:57:56;18.92;;;13.02;;
48807;SDS011;41223;49.96402185;8.27850800;2021-02-02T10:00:37;18.70;;;11.00;;
48807;SDS011;41223;49.96402185;8.27850800;2021-02-02T10:03:08;18.17;;;12.55;;
48807;SDS011;41223;49.96402185;8.27850800;2021-02-02T10:05:39;20.58;;;12.68;;
48807;SDS011;41223;49.96402185;8.27850800;2021-02-02T10:08:05;18.42;;;11.50;;
48807;SDS011;41223;49.96402185;8.27850800;2021-02-02T10:10:31;24.60;;;12.90;;
48807;SDS011;41223;49.96402185;8.27850800;2021-02-02T10:12:56;23.27;;;12.77;;
48807;SDS011;41223;49.96402185;8.27850800;2021-02-02T10:15:24;32.45;;;14.32;;
48807;SDS011;41223;49.96402185;8.27850800;2021-02-02T10:17:56;23.30;;;12.52;;
48807;SDS011;41223;49.96402185;8.27850800;2021-02-02T10:20:26;22.00;;;12.93;;
48807;SDS011;41223;49.96402185;8.27850800;2021-02-02T10:22:52;21.52;;;13.27;;
48807;SDS011;41223;49.96402185;8.27850800;2021-02-02T10:25:22;18.25;;;13.38;;
48807;SDS011;41223;49.96402185;8.27850800;2021-02-02T10:27:49;16.48;;;13.40;;
48807;SDS011;41223;49.96402185;8.27850800;2021-02-02T10:30:16;16.45;;;13.75;;
48807;SDS011;41223;49.96402185;8.27850800;2021-02-02T10:32:45;15.20;;;11.88;;
48807;SDS011;41223;49.96402185;8.27850800;2021-02-02T10:35:11;13.73;;;11.80;;
48807;SDS011;41223;49.96402185;8.27850800;2021-02-02T10:37:37;15.63;;;12.40;;
48807;SDS011;41223;49.96402185;8.27850800;2021-02-02T10:40:04;16.25;;;12.48;;
48807;SDS011;41223;49.96402185;8.27850800;2021-02-02T10:42:33;14.15;;;11.93;;
48807;SDS011;41223;49.96402185;8.27850800;2021-02-02T10:44:59;15.65;;;12.00;;
48807;SDS011;41223;49.96402185;8.27850800;2021-02-02T10:47:24;15.13;;;12.20;;
48807;SDS011;41223;49.96402185;8.27850800;2021-02-02T10:49:50;15.80;;;12.43;;
48807;SDS011;41223;49.96402185;8.27850800;2021-02-02T10:52:15;19.58;;;13.80;;
48807;SDS011;41223;49.96402185;8.27850800;2021-02-02T10:54:41;19.42;;;14.75;;
48807;SDS011;41223;49.96402185;8.27850800;2021-02-02T10:57:07;17.20;;;14.10;;
48807;SDS011;41223;49.96402185;8.27850800;2021-02-02T10:59:33;16.30;;;12.52;;
48807;SDS011;41223;49.96402185;8.27850800;2021-02-02T11:01:59;15.07;;;12.10;;
48807;SDS011;41223;49.96402185;8.27850800;2021-02-02T11:04:24;16.20;;;12.43;;
48807;SDS011;41223;49.96402185;8.27850800;2021-02-02T11:06:50;12.98;;;10.10;;
48807;SDS011;41223;49.96402185;8.27850800;2021-02-02T11:09:16;14.13;;;11.45;;
48807;SDS011;41223;49.96402185;8.27850800;2021-02-02T11:11:42;13.60;;;10.52;;
48807;SDS011;41223;49.96402185;8.27850800;2021-02-02T11:14:07;12.35;;;9.98;;
48807;SDS011;41223;49.96402185;8.27850800;2021-02-02T11:16:33;12.48;;;10.32;;
48807;SDS011;41223;49.96402185;8.27850800;2021-02-02T11:18:59;12.02;;;8.95;;
48807;SDS011;41223;49.96402185;8.27850800;2021-02-02T11:21:25;11.70;;;9.68;;
48807;SDS011;41223;49.96402185;8.27850800;2021-02-02T11:23:51;11.45;;;9.10;;
48807;SDS011;41223;49.96402185;8.27850800;2021-02-02T11:26:17;11.80;;;8.98;;
48807;SDS011;41223;49.96402185;8.27850800;2021-02-02T11:28:44;10.45;;;8.80;;
48807;SDS011;41223;49.96402185;8.27850800;2021-02-02T11:31:10;12.18;;;9.02;;
48807;SDS011;41223;49.96402185;8.27850800;2021-02-02T11:33:35;11.25;;;9.00;;
48807;SDS011;41223;49.96402185;8.27850800;2021-02-02T11:36:01;11.70;;;8.68;;
48807;SDS011;41223;49.96402185;8.27850800;2021-02-02T11:38:27;12.02;;;9.50;;
48807;SDS011;41223;49.96402185;8.27850800;2021-02-02T11:40:53;13.43;;;11.40;;
48807;SDS011;41223;49.96402185;8.27850800;2021-02-02T11:43:18;15.60;;;11.77;;
48807;SDS011;41223;49.96402185;8.27850800;2021-02-02T11:45:44;12.48;;;10.00;;
48807;SDS011;41223;49.96402185;8.27850800;2021-02-02T11:48:10;15.80;;;12.15;;
48807;SDS011;41223;49.96402185;8.27850800;2021-02-02T11:50:37;16.55;;;12.73;;
48807;SDS011;41223;49.96402185;8.27850800;2021-02-02T11:53:04;13.18;;;10.23;;
48807;SDS011;41223;49.96402185;8.27850800;2021-02-02T11:55:30;12.95;;;10.40;;
48807;SDS011;41223;49.96402185;8.27850800;2021-02-02T11:57:56;13.48;;;10.80;;
48807;SDS011;41223;49.96402185;8.27850800;2021-02-02T12:00:24;12.68;;;10.73;;
48807;SDS011;41223;49.96402185;8.27850800;2021-02-02T12:02:53;12.43;;;9.43;;
48807;SDS011;41223;49.96402185;8.27850800;2021-02-02T12:05:19;10.82;;;8.95;;
48807;SDS011;41223;49.96402185;8.27850800;2021-02-02T12:07:47;10.80;;;8.60;;
48807;SDS011;41223;49.96402185;8.27850800;2021-02-02T12:10:15;11.48;;;9.25;;
48807;SDS011;41223;49.96402185;8.27850800;2021-02-02T12:12:46;9.18;;;8.20;;
48807;SDS011;41223;49.96402185;8.27850800;2021-02-02T12:15:12;11.85;;;8.82;;
48807;SDS011;41223;49.96402185;8.27850800;2021-02-02T12:17:40;9.02;;;7.82;;
48807;SDS011;41223;49.96402185;8.27850800;2021-02-02T12:20:07;9.43;;;8.25;;
48807;SDS011;41223;49.96402185;8.27850800;2021-02-02T12:22:39;11.68;;;7.63;;
48807;SDS011;41223;49.96402185;8.27850800;2021-02-02T12:25:05;10.82;;;9.32;;
48807;SDS011;41223;49.96402185;8.27850800;2021-02-02T12:27:31;9.77;;;8.70;;
48807;SDS011;41223;49.96402185;8.27850800;2021-02-02T12:29:57;10.88;;;9.65;;
48807;SDS011;41223;49.96402185;8.27850800;2021-02-02T12:32:22;11.02;;;9.02;;
48807;SDS011;41223;49.96402185;8.27850800;2021-02-02T12:34:48;11.27;;;9.50;;
48807;SDS011;41223;49.96402185;8.27850800;2021-02-02T12:37:14;9.20;;;8.30;;
48807;SDS011;41223;49.96402185;8.27850800;2021-02-02T12:39:39;11.15;;;9.55;;
48807;SDS011;41223;49.96402185;8.27850800;2021-02-02T12:42:05;11.43;;;9.07;;
48807;SDS011;41223;49.96402185;8.27850800;2021-02-02T12:44:31;11.15;;;9.70;;
48807;SDS011;41223;49.96402185;8.27850800;2021-02-02T12:46:57;10.43;;;9.07;;
48807;SDS011;41223;49.96402185;8.27850800;2021-02-02T12:49:23;10.88;;;9.68;;
48807;SDS011;41223;49.96402185;8.27850800;2021-02-02T12:51:49;10.52;;;9.43;;
48807;SDS011;41223;49.96402185;8.27850800;2021-02-02T12:54:15;10.90;;;9.70;;
48807;SDS011;41223;49.96402185;8.27850800;2021-02-02T12:56:41;11.68;;;9.55;;
48807;SDS011;41223;49.96402185;8.27850800;2021-02-02T12:59:06;10.15;;;8.50;;
48807;SDS011;41223;49.96402185;8.27850800;2021-02-02T13:01:32;11.02;;;8.75;;
48807;SDS011;41223;49.96402185;8.27850800;2021-02-02T13:03:58;10.00;;;8.82;;
48807;SDS011;41223;49.96402185;8.27850800;2021-02-02T13:06:24;9.85;;;7.55;;
48807;SDS011;41223;49.96402185;8.27850800;2021-02-02T13:08:50;8.05;;;7.20;;
48807;SDS011;41223;49.96402185;8.27850800;2021-02-02T13:11:16;8.50;;;7.28;;
48807;SDS011;41223;49.96402185;8.27850800;2021-02-02T13:13:42;9.98;;;8.07;;
48807;SDS011;41223;49.96402185;8.27850800;2021-02-02T13:16:09;9.55;;;7.75;;
48807;SDS011;41223;49.96402185;8.27850800;2021-02-02T13:18:36;8.18;;;7.15;;
48807;SDS011;41223;49.96402185;8.27850800;2021-02-02T13:21:09;9.55;;;7.78;;
48807;SDS011;41223;49.96402185;8.27850800;2021-02-02T13:23:36;10.82;;;8.95;;
48807;SDS011;41223;49.96402185;8.27850800;2021-02-02T13:26:02;9.80;;;8.82;;
48807;SDS011;41223;49.96402185;8.27850800;2021-02-02T13:28:28;9.75;;;8.40;;
48807;SDS011;41223;49.96402185;8.27850800;2021-02-02T13:30:55;11.35;;;9.23;;
48807;SDS011;41223;49.96402185;8.27850800;2021-02-02T13:33:22;8.70;;;7.80;;
48807;SDS011;41223;49.96402185;8.27850800;2021-02-02T13:35:52;9.05;;;7.88;;
48807;SDS011;41223;49.96402185;8.27850800;2021-02-02T13:38:21;9.02;;;8.07;;
48807;SDS011;41223;49.96402185;8.27850800;2021-02-02T13:40:49;11.40;;;7.38;;
48807;SDS011;41223;49.96402185;8.27850800;2021-02-02T13:43:15;13.48;;;7.13;;
48807;SDS011;41223;49.96402185;8.27850800;2021-02-02T13:45:43;8.20;;;7.20;;
48807;SDS011;41223;49.96402185;8.27850800;2021-02-02T13:48:09;11.60;;;7.85;;
48807;SDS011;41223;49.96402185;8.27850800;2021-02-02T13:50:36;8.98;;;6.80;;
48807;SDS011;41223;49.96402185;8.27850800;2021-02-02T13:53:04;8.85;;;6.45;;
48807;SDS011;41223;49.96402185;8.27850800;2021-02-02T13:55:31;7.85;;;6.22;;
48807;SDS011;41223;49.96402185;8.27850800;2021-02-02T13:57:58;10.10;;;5.75;;
48807;SDS011;41223;49.96402185;8.27850800;2021-02-02T14:00:25;7.30;;;6.03;;
48807;SDS011;41223;49.96402185;8.27850800;2021-02-02T14:02:54;7.43;;;5.60;;
48807;SDS011;41223;49.96402185;8.27850800;2021-02-02T14:05:22;6.00;;;5.15;;
48807;SDS011;41223;49.96402185;8.27850800;2021-02-02T14:07:48;7.90;;;5.68;;
48807;SDS011;41223;49.96402185;8.27850800;2021-02-02T14:10:14;6.15;;;5.55;;
48807;SDS011;41223;49.96402185;8.27850800;2021-02-02T14:12:40;6.75;;;5.93;;
48807;SDS011;41223;49.96402185;8.27850800;2021-02-02T14:15:06;11.07;;;6.03;;
48807;SDS011;41223;49.96402185;8.27850800;2021-02-02T14:17:34;6.32;;;5.47;;
48807;SDS011;41223;49.96402185;8.27850800;2021-02-02T14:20:02;7.10;;;5.78;;
48807;SDS011;41223;49.96402185;8.27850800;2021-02-02T14:22:33;7.55;;;6.32;;
48807;SDS011;41223;49.96402185;8.27850800;2021-02-02T14:24:59;6.97;;;5.70;;
48807;SDS011;41223;49.96402185;8.27850800;2021-02-02T14:27:24;7.85;;;6.00;;
48807;SDS011;41223;49.96402185;8.27850800;2021-02-02T14:29:50;7.95;;;5.68;;
48807;SDS011;41223;49.96402185;8.27850800;2021-02-02T14:32:16;6.85;;;6.00;;
48807;SDS011;41223;49.96402185;8.27850800;2021-02-02T14:34:42;6.95;;;5.95;;
48807;SDS011;41223;49.96402185;8.27850800;2021-02-02T14:37:08;7.88;;;6.00;;
48807;SDS011;41223;49.96402185;8.27850800;2021-02-02T14:39:33;6.97;;;5.50;;
48807;SDS011;41223;49.96402185;8.27850800;2021-02-02T14:41:59;6.20;;;4.97;;
48807;SDS011;41223;49.96402185;8.27850800;2021-02-02T14:44:26;6.85;;;5.20;;
48807;SDS011;41223;49.96402185;8.27850800;2021-02-02T14:47:13;5.93;;;4.68;;
48807;SDS011;41223;49.96402185;8.27850800;2021-02-02T14:49:39;6.03;;;5.22;;
48807;SDS011;41223;49.96402185;8.27850800;2021-02-02T14:52:05;6.80;;;6.05;;
48807;SDS011;41223;49.96402185;8.27850800;2021-02-02T14:54:30;9.48;;;7.13;;
48807;SDS011;41223;49.96402185;8.27850800;2021-02-02T14:56:56;8.50;;;7.65;;
48807;SDS011;41223;49.96402185;8.27850800;2021-02-02T14:59:22;16.13;;;12.73;;
48807;SDS011;41223;49.96402185;8.27850800;2021-02-02T15:01:47;21.42;;;14.90;;
48807;SDS011;41223;49.96402185;8.27850800;2021-02-02T15:04:13;20.42;;;15.02;;
48807;SDS011;41223;49.96402185;8.27850800;2021-02-02T15:06:39;17.67;;;14.00;;
48807;SDS011;41223;49.96402185;8.27850800;2021-02-02T15:09:05;17.60;;;13.68;;
48807;SDS011;41223;49.96402185;8.27850800;2021-02-02T15:11:30;13.55;;;12.10;;
48807;SDS011;41223;49.96402185;8.27850800;2021-02-02T15:13:56;13.85;;;11.98;;
48807;SDS011;41223;49.96402185;8.27850800;2021-02-02T15:16:22;12.10;;;10.48;;
48807;SDS011;41223;49.96402185;8.27850800;2021-02-02T15:18:48;14.20;;;11.73;;
48807;SDS011;41223;49.96402185;8.27850800;2021-02-02T15:21:14;13.10;;;11.65;;
48807;SDS011;41223;49.96402185;8.27850800;2021-02-02T15:23:40;13.40;;;12.00;;
48807;SDS011;41223;49.96402185;8.27850800;2021-02-02T15:26:08;14.75;;;13.23;;
48807;SDS011;41223;49.96402185;8.27850800;2021-02-02T15:28:35;14.75;;;13.25;;
48807;SDS011;41223;49.96402185;8.27850800;2021-02-02T15:31:01;16.45;;;14.75;;
48807;SDS011;41223;49.96402185;8.27850800;2021-02-02T15:33:32;17.13;;;13.52;;
48807;SDS011;41223;49.96402185;8.27850800;2021-02-02T15:36:03;14.85;;;12.25;;
48807;SDS011;41223;49.96402185;8.27850800;2021-02-02T15:38:33;16.38;;;14.30;;
48807;SDS011;41223;49.96402185;8.27850800;2021-02-02T15:41:00;15.23;;;13.25;;
48807;SDS011;41223;49.96402185;8.27850800;2021-02-02T15:43:27;17.25;;;14.70;;
48807;SDS011;41223;49.96402185;8.27850800;2021-02-02T15:45:55;16.83;;;13.48;;
48807;SDS011;41223;49.96402185;8.27850800;2021-02-02T15:48:22;16.25;;;12.57;;
48807;SDS011;41223;49.96402185;8.27850800;2021-02-02T15:50:50;15.18;;;13.57;;
48807;SDS011;41223;49.96402185;8.27850800;2021-02-02T15:53:16;17.65;;;14.75;;
48807;SDS011;41223;49.96402185;8.27850800;2021-02-02T15:55:42;16.73;;;13.45;;
48807;SDS011;41223;49.96402185;8.27850800;2021-02-02T15:58:08;13.82;;;12.40;;
48807;SDS011;41223;49.96402185;8.27850800;2021-02-02T16:00:37;14.43;;;12.48;;
48807;SDS011;41223;49.96402185;8.27850800;2021-02-02T16:03:10;13.68;;;12.02;;
48807;SDS011;41223;49.96402185;8.27850800;2021-02-02T16:05:49;13.35;;;11.50;;
48807;SDS011;41223;49.96402185;8.27850800;2021-02-02T16:08:17;12.23;;;10.45;;
48807;SDS011;41223;49.96402185;8.27850800;2021-02-02T16:10:45;20.55;;;18.27;;
48807;SDS011;41223;49.96402185;8.27850800;2021-02-02T16:13:13;22.83;;;19.42;;
48807;SDS011;41223;49.96402185;8.27850800;2021-02-02T16:15:41;24.67;;;19.98;;
48807;SDS011;41223;49.96402185;8.27850800;2021-02-02T16:18:08;22.00;;;19.27;;
48807;SDS011;41223;49.96402185;8.27850800;2021-02-02T16:20:40;28.02;;;21.85;;
48807;SDS011;41223;49.96402185;8.27850800;2021-02-02T16:23:09;25.20;;;19.40;;
48807;SDS011;41223;49.96402185;8.27850800;2021-02-02T16:25:37;21.20;;;18.33;;
48807;SDS011;41223;49.96402185;8.27850800;2021-02-02T16:28:03;23.52;;;19.08;;
48807;SDS011;41223;49.96402185;8.27850800;2021-02-02T16:30:32;22.70;;;18.98;;
48807;SDS011;41223;49.96402185;8.27850800;2021-02-02T16:33:01;23.50;;;18.73;;
48807;SDS011;41223;49.96402185;8.27850800;2021-02-02T16:35:29;21.83;;;17.77;;
48807;SDS011;41223;49.96402185;8.27850800;2021-02-02T16:37:57;18.67;;;16.67;;
48807;SDS011;41223;49.96402185;8.27850800;2021-02-02T16:40:24;19.02;;;16.02;;
48807;SDS011;41223;49.96402185;8.27850800;2021-02-02T16:42:51;16.98;;;14.20;;
48807;SDS011;41223;49.96402185;8.27850800;2021-02-02T16:45:18;19.92;;;17.38;;
48807;SDS011;41223;49.96402185;8.27850800;2021-02-02T16:47:45;18.00;;;15.75;;
48807;SDS011;41223;49.96402185;8.27850800;2021-02-02T16:50:12;17.50;;;15.60;;
48807;SDS011;41223;49.96402185;8.27850800;2021-02-02T16:52:38;16.45;;;14.43;;
48807;SDS011;41223;49.96402185;8.27850800;2021-02-02T16:55:06;16.90;;;15.10;;
48807;SDS011;41223;49.96402185;8.27850800;2021-02-02T16:57:32;15.52;;;13.65;;
48807;SDS011;41223;49.96402185;8.27850800;2021-02-02T16:59:57;16.35;;;14.43;;
48807;SDS011;41223;49.96402185;8.27850800;2021-02-02T17:02:24;17.88;;;14.32;;
48807;SDS011;41223;49.96402185;8.27850800;2021-02-02T17:04:50;25.45;;;20.08;;
48807;SDS011;41223;49.96402185;8.27850800;2021-02-02T17:07:15;28.67;;;22.75;;
48807;SDS011;41223;49.96402185;8.27850800;2021-02-02T17:09:41;27.33;;;21.10;;
48807;SDS011;41223;49.96402185;8.27850800;2021-02-02T17:12:07;21.30;;;18.35;;
48807;SDS011;41223;49.96402185;8.27850800;2021-02-02T17:14:33;21.58;;;18.38;;
48807;SDS011;41223;49.96402185;8.27850800;2021-02-02T17:17:01;22.17;;;17.55;;
48807;SDS011;41223;49.96402185;8.27850800;2021-02-02T17:19:27;22.13;;;17.83;;
48807;SDS011;41223;49.96402185;8.27850800;2021-02-02T17:21:54;21.60;;;17.80;;
48807;SDS011;41223;49.96402185;8.27850800;2021-02-02T17:24:19;19.70;;;17.60;;
48807;SDS011;41223;49.96402185;8.27850800;2021-02-02T17:26:45;21.98;;;17.27;;
48807;SDS011;41223;49.96402185;8.27850800;2021-02-02T17:29:11;24.00;;;17.55;;
48807;SDS011;41223;49.96402185;8.27850800;2021-02-02T17:31:36;24.17;;;19.25;;
48807;SDS011;41223;49.96402185;8.27850800;2021-02-02T17:34:02;25.08;;;19.17;;
48807;SDS011;41223;49.96402185;8.27850800;2021-02-02T17:36:28;26.92;;;23.38;;
48807;SDS011;41223;49.96402185;8.27850800;2021-02-02T17:38:54;24.80;;;20.50;;
48807;SDS011;41223;49.96402185;8.27850800;2021-02-02T17:41:20;23.67;;;19.13;;
48807;SDS011;41223;49.96402185;8.27850800;2021-02-02T17:43:45;18.35;;;15.20;;
48807;SDS011;41223;49.96402185;8.27850800;2021-02-02T17:46:11;16.30;;;13.15;;
48807;SDS011;41223;49.96402185;8.27850800;2021-02-02T17:48:38;16.98;;;12.05;;
48807;SDS011;41223;49.96402185;8.27850800;2021-02-02T17:51:04;17.42;;;13.45;;
48807;SDS011;41223;49.96402185;8.27850800;2021-02-02T17:53:30;14.48;;;12.18;;
48807;SDS011;41223;49.96402185;8.27850800;2021-02-02T17:55:55;16.15;;;11.85;;
48807;SDS011;41223;49.96402185;8.27850800;2021-02-02T17:58:21;15.70;;;13.07;;
48807;SDS011;41223;49.96402185;8.27850800;2021-02-02T18:00:47;16.60;;;12.15;;
48807;SDS011;41223;49.96402185;8.27850800;2021-02-02T18:03:12;16.17;;;12.57;;
48807;SDS011;41223;49.96402185;8.27850800;2021-02-02T18:05:39;13.95;;;10.52;;
48807;SDS011;41223;49.96402185;8.27850800;2021-02-02T18:08:05;17.05;;;12.18;;
48807;SDS011;41223;49.96402185;8.27850800;2021-02-02T18:10:35;17.08;;;12.77;;
48807;SDS011;41223;49.96402185;8.27850800;2021-02-02T18:13:00;16.92;;;12.98;;
48807;SDS011;41223;49.96402185;8.27850800;2021-02-02T18:15:29;15.50;;;12.77;;
48807;SDS011;41223;49.96402185;8.27850800;2021-02-02T18:18:01;17.58;;;13.55;;
48807;SDS011;41223;49.96402185;8.27850800;2021-02-02T18:20:31;14.43;;;11.70;;
48807;SDS011;41223;49.96402185;8.27850800;2021-02-02T18:22:58;17.77;;;12.48;;
48807;SDS011;41223;49.96402185;8.27850800;2021-02-02T18:25:25;13.23;;;11.10;;
48807;SDS011;41223;49.96402185;8.27850800;2021-02-02T18:27:52;13.63;;;11.70;;
48807;SDS011;41223;49.96402185;8.27850800;2021-02-02T18:30:26;14.85;;;11.77;;
48807;SDS011;41223;49.96402185;8.27850800;2021-02-02T18:32:59;13.88;;;11.20;;
48807;SDS011;41223;49.96402185;8.27850800;2021-02-02T18:35:25;13.88;;;10.60;;
48807;SDS011;41223;49.96402185;8.27850800;2021-02-02T18:37:52;17.85;;;13.98;;
48807;SDS011;41223;49.96402185;8.27850800;2021-02-02T18:40:20;16.65;;;14.43;;
48807;SDS011;41223;49.96402185;8.27850800;2021-02-02T18:42:49;17.27;;;13.80;;
48807;SDS011;41223;49.96402185;8.27850800;2021-02-02T18:45:15;18.20;;;13.90;;
48807;SDS011;41223;49.96402185;8.27850800;2021-02-02T18:47:41;15.63;;;12.85;;
48807;SDS011;41223;49.96402185;8.27850800;2021-02-02T18:50:09;15.95;;;12.68;;
48807;SDS011;41223;49.96402185;8.27850800;2021-02-02T18:52:37;17.05;;;12.77;;
48807;SDS011;41223;49.96402185;8.27850800;2021-02-02T18:55:04;15.35;;;13.18;;
48807;SDS011;41223;49.96402185;8.27850800;2021-02-02T18:57:31;15.15;;;13.45;;
48807;SDS011;41223;49.96402185;8.27850800;2021-02-02T18:59:58;16.08;;;13.65;;
48807;SDS011;41223;49.96402185;8.27850800;2021-02-02T19:02:24;14.07;;;12.30;;
48807;SDS011;41223;49.96402185;8.27850800;2021-02-02T19:04:50;13.15;;;11.73;;
48807;SDS011;41223;49.96402185;8.27850800;2021-02-02T19:07:15;14.95;;;12.68;;
48807;SDS011;41223;49.96402185;8.27850800;2021-02-02T19:09:41;14.40;;;12.88;;
48807;SDS011;41223;49.96402185;8.27850800;2021-02-02T19:12:07;14.75;;;12.73;;
48807;SDS011;41223;49.96402185;8.27850800;2021-02-02T19:14:33;14.45;;;11.88;;
48807;SDS011;41223;49.96402185;8.27850800;2021-02-02T19:16:59;12.68;;;11.05;;
48807;SDS011;41223;49.96402185;8.27850800;2021-02-02T19:19:25;17.88;;;13.65;;
48807;SDS011;41223;49.96402185;8.27850800;2021-02-02T19:21:51;12.00;;;7.88;;
48807;SDS011;41223;49.96402185;8.27850800;2021-02-02T19:24:17;10.85;;;5.10;;
48807;SDS011;41223;49.96402185;8.27850800;2021-02-02T19:26:43;6.90;;;3.60;;
48807;SDS011;41223;49.96402185;8.27850800;2021-02-02T19:29:09;5.55;;;2.20;;
48807;SDS011;41223;49.96402185;8.27850800;2021-02-02T19:31:35;4.50;;;2.30;;
48807;SDS011;41223;49.96402185;8.27850800;2021-02-02T19:34:02;4.47;;;1.85;;
48807;SDS011;41223;49.96402185;8.27850800;2021-02-02T19:36:29;6.18;;;1.70;;
48807;SDS011;41223;49.96402185;8.27850800;2021-02-02T19:38:55;7.35;;;2.80;;
48807;SDS011;41223;49.96402185;8.27850800;2021-02-02T19:41:22;5.35;;;1.70;;
48807;SDS011;41223;49.96402185;8.27850800;2021-02-02T19:43:49;4.72;;;1.50;;
48807;SDS011;41223;49.96402185;8.27850800;2021-02-02T19:46:14;4.40;;;1.70;;
48807;SDS011;41223;49.96402185;8.27850800;2021-02-02T19:48:40;5.15;;;1.90;;
48807;SDS011;41223;49.96402185;8.27850800;2021-02-02T19:51:06;3.83;;;1.63;;
48807;SDS011;41223;49.96402185;8.27850800;2021-02-02T19:53:33;4.90;;;1.65;;
48807;SDS011;41223;49.96402185;8.27850800;2021-02-02T19:55:59;4.57;;;1.50;;
48807;SDS011;41223;49.96402185;8.27850800;2021-02-02T19:58:25;4.97;;;1.55;;
48807;SDS011;41223;49.96402185;8.27850800;2021-02-02T20:00:50;5.45;;;1.42;;
48807;SDS011;41223;49.96402185;8.27850800;2021-02-02T20:03:16;6.07;;;1.42;;
48807;SDS011;41223;49.96402185;8.27850800;2021-02-02T20:05:42;4.10;;;1.13;;
48807;SDS011;41223;49.96402185;8.27850800;2021-02-02T20:08:10;8.02;;;2.10;;
48807;SDS011;41223;49.96402185;8.27850800;2021-02-02T20:10:37;4.68;;;1.20;;
48807;SDS011;41223;49.96402185;8.27850800;2021-02-02T20:13:04;5.13;;;1.55;;
48807;SDS011;41223;49.96402185;8.27850800;2021-02-02T20:15:31;4.82;;;1.90;;
48807;SDS011;41223;49.96402185;8.27850800;2021-02-02T20:17:59;5.80;;;1.80;;
48807;SDS011;41223;49.96402185;8.27850800;2021-02-02T20:20:29;4.65;;;1.88;;
48807;SDS011;41223;49.96402185;8.27850800;2021-02-02T20:23:03;3.40;;;1.45;;
48807;SDS011;41223;49.96402185;8.27850800;2021-02-02T20:25:29;5.63;;;1.80;;
48807;SDS011;41223;49.96402185;8.27850800;2021-02-02T20:27:55;5.18;;;1.75;;
48807;SDS011;41223;49.96402185;8.27850800;2021-02-02T20:30:25;6.80;;;2.10;;
48807;SDS011;41223;49.96402185;8.27850800;2021-02-02T20:32:56;6.43;;;2.08;;
48807;SDS011;41223;49.96402185;8.27850800;2021-02-02T20:35:22;6.75;;;2.15;;
48807;SDS011;41223;49.96402185;8.27850800;2021-02-02T20:37:49;5.50;;;2.47;;
48807;SDS011;41223;49.96402185;8.27850800;2021-02-02T20:40:16;5.47;;;2.53;;
48807;SDS011;41223;49.96402185;8.27850800;2021-02-02T20:42:46;6.53;;;2.67;;
48807;SDS011;41223;49.96402185;8.27850800;2021-02-02T20:45:13;8.80;;;3.72;;
48807;SDS011;41223;49.96402185;8.27850800;2021-02-02T20:47:41;9.02;;;3.90;;
48807;SDS011;41223;49.96402185;8.27850800;2021-02-02T20:50:07;7.25;;;3.92;;
48807;SDS011;41223;49.96402185;8.27850800;2021-02-02T20:52:35;7.43;;;3.58;;
48807;SDS011;41223;49.96402185;8.27850800;2021-02-02T20:55:01;7.75;;;3.53;;
48807;SDS011;41223;49.96402185;8.27850800;2021-02-02T20:57:29;6.30;;;3.67;;
48807;SDS011;41223;49.96402185;8.27850800;2021-02-02T20:59:55;5.20;;;3.03;;
48807;SDS011;41223;49.96402185;8.27850800;2021-02-02T21:02:20;6.30;;;3.63;;
48807;SDS011;41223;49.96402185;8.27850800;2021-02-02T21:04:46;13.95;;;6.07;;
48807;SDS011;41223;49.96402185;8.27850800;2021-02-02T21:07:12;6.20;;;3.00;;
48807;SDS011;41223;49.96402185;8.27850800;2021-02-02T21:09:37;7.18;;;2.67;;
48807;SDS011;41223;49.96402185;8.27850800;2021-02-02T21:12:03;6.47;;;2.20;;
48807;SDS011;41223;49.96402185;8.27850800;2021-02-02T21:14:29;5.97;;;1.92;;
48807;SDS011;41223;49.96402185;8.27850800;2021-02-02T21:16:56;9.07;;;2.40;;
48807;SDS011;41223;49.96402185;8.27850800;2021-02-02T21:19:22;7.10;;;2.38;;
48807;SDS011;41223;49.96402185;8.27850800;2021-02-02T21:21:48;6.47;;;2.78;;
48807;SDS011;41223;49.96402185;8.27850800;2021-02-02T21:24:13;6.47;;;2.63;;
48807;SDS011;41223;49.96402185;8.27850800;2021-02-02T21:26:39;6.18;;;3.58;;
48807;SDS011;41223;49.96402185;8.27850800;2021-02-02T21:29:05;6.90;;;3.65;;
48807;SDS011;41223;49.96402185;8.27850800;2021-02-02T21:31:30;6.25;;;3.15;;
48807;SDS011;41223;49.96402185;8.27850800;2021-02-02T21:33:56;7.85;;;4.15;;
48807;SDS011;41223;49.96402185;8.27850800;2021-02-02T21:36:22;7.63;;;3.97;;
48807;SDS011;41223;49.96402185;8.27850800;2021-02-02T21:38:47;7.65;;;4.22;;
48807;SDS011;41223;49.96402185;8.27850800;2021-02-02T21:41:14;7.30;;;4.50;;
48807;SDS011;41223;49.96402185;8.27850800;2021-02-02T21:43:40;9.40;;;4.45;;
48807;SDS011;41223;49.96402185;8.27850800;2021-02-02T21:46:06;9.05;;;3.67;;
48807;SDS011;41223;49.96402185;8.27850800;2021-02-02T21:48:32;7.45;;;4.03;;
48807;SDS011;41223;49.96402185;8.27850800;2021-02-02T21:50:57;8.18;;;3.72;;
48807;SDS011;41223;49.96402185;8.27850800;2021-02-02T21:53:23;11.10;;;3.63;;
48807;SDS011;41223;49.96402185;8.27850800;2021-02-02T21:55:48;6.55;;;2.67;;
48807;SDS011;41223;49.96402185;8.27850800;2021-02-02T21:58:14;8.60;;;2.53;;
48807;SDS011;41223;49.96402185;8.27850800;2021-02-02T22:00:40;7.25;;;3.95;;
48807;SDS011;41223;49.96402185;8.27850800;2021-02-02T22:03:06;8.70;;;4.22;;
48807;SDS011;41223;49.96402185;8.27850800;2021-02-02T22:05:35;10.70;;;4.90;;
48807;SDS011;41223;49.96402185;8.27850800;2021-02-02T22:08:01;10.70;;;4.35;;
48807;SDS011;41223;49.96402185;8.27850800;2021-02-02T22:10:30;7.35;;;3.20;;
48807;SDS011;41223;49.96402185;8.27850800;2021-02-02T22:13:00;6.68;;;2.60;;
48807;SDS011;41223;49.96402185;8.27850800;2021-02-02T22:15:27;9.75;;;3.72;;
48807;SDS011;41223;49.96402185;8.27850800;2021-02-02T22:17:53;12.15;;;5.30;;
48807;SDS011;41223;49.96402185;8.27850800;2021-02-02T22:20:21;9.30;;;3.72;;
48807;SDS011;41223;49.96402185;8.27850800;2021-02-02T22:22:50;6.97;;;3.35;;
48807;SDS011;41223;49.96402185;8.27850800;2021-02-02T22:25:17;10.52;;;3.63;;
48807;SDS011;41223;49.96402185;8.27850800;2021-02-02T22:27:44;9.50;;;3.88;;
48807;SDS011;41223;49.96402185;8.27850800;2021-02-02T22:30:13;10.55;;;4.07;;
48807;SDS011;41223;49.96402185;8.27850800;2021-02-02T22:32:42;8.60;;;3.70;;
48807;SDS011;41223;49.96402185;8.27850800;2021-02-02T22:35:08;12.05;;;5.50;;
48807;SDS011;41223;49.96402185;8.27850800;2021-02-02T22:37:35;11.82;;;4.75;;
48807;SDS011;41223;49.96402185;8.27850800;2021-02-02T22:40:02;17.33;;;7.63;;
48807;SDS011;41223;49.96402185;8.27850800;2021-02-02T22:42:31;14.70;;;6.75;;
48807;SDS011;41223;49.96402185;8.27850800;2021-02-02T22:44:57;12.18;;;3.58;;
48807;SDS011;41223;49.96402185;8.27850800;2021-02-02T22:47:22;12.57;;;5.03;;
48807;SDS011;41223;49.96402185;8.27850800;2021-02-02T22:49:48;10.52;;;3.85;;
48807;SDS011;41223;49.96402185;8.27850800;2021-02-02T22:52:14;11.70;;;5.15;;
48807;SDS011;41223;49.96402185;8.27850800;2021-02-02T22:54:39;10.48;;;4.82;;
48807;SDS011;41223;49.96402185;8.27850800;2021-02-02T22:57:05;11.68;;;4.65;;
48807;SDS011;41223;49.96402185;8.27850800;2021-02-02T22:59:31;10.52;;;3.97;;
48807;SDS011;41223;49.96402185;8.27850800;2021-02-02T23:01:56;13.90;;;4.13;;
48807;SDS011;41223;49.96402185;8.27850800;2021-02-02T23:04:22;13.20;;;4.38;;
48807;SDS011;41223;49.96402185;8.27850800;2021-02-02T23:06:48;9.23;;;3.00;;
48807;SDS011;41223;49.96402185;8.27850800;2021-02-02T23:09:16;6.85;;;3.22;;
48807;SDS011;41223;49.96402185;8.27850800;2021-02-02T23:11:42;8.10;;;2.90;;
48807;SDS011;41223;49.96402185;8.27850800;2021-02-02T23:14:07;8.15;;;2.97;;
48807;SDS011;41223;49.96402185;8.27850800;2021-02-02T23:16:34;7.45;;;2.47;;
48807;SDS011;41223;49.96402185;8.27850800;2021-02-02T23:18:59;11.10;;;2.78;;
48807;SDS011;41223;49.96402185;8.27850800;2021-02-02T23:21:25;6.05;;;2.25;;
48807;SDS011;41223;49.96402185;8.27850800;2021-02-02T23:23:51;7.53;;;2.33;;
48807;SDS011;41223;49.96402185;8.27850800;2021-02-02T23:26:16;7.00;;;2.17;;
48807;SDS011;41223;49.96402185;8.27850800;2021-02-02T23:28:42;9.40;;;3.28;;
48807;SDS011;41223;49.96402185;8.27850800;2021-02-02T23:31:08;6.13;;;2.40;;
48807;SDS011;41223;49.96402185;8.27850800;2021-02-02T23:33:35;7.75;;;2.60;;
48807;SDS011;41223;49.96402185;8.27850800;2021-02-02T23:36:02;6.13;;;2.22;;
48807;SDS011;41223;49.96402185;8.27850800;2021-02-02T23:38:30;9.98;;;3.35;;
48807;SDS011;41223;49.96402185;8.27850800;2021-02-02T23:40:59;8.02;;;2.50;;
48807;SDS011;41223;49.96402185;8.27850800;2021-02-02T23:43:27;6.30;;;2.25;;
48807;SDS011;41223;49.96402185;8.27850800;2021-02-02T23:45:53;8.65;;;2.30;;
48807;SDS011;41223;49.96402185;8.27850800;2021-02-02T23:48:19;9.55;;;2.05;;
48807;SDS011;41223;49.96402185;8.27850800;2021-02-02T23:50:46;8.93;;;1.80;;
48807;SDS011;41223;49.96402185;8.27850800;2021-02-02T23:53:14;7.97;;;2.05;;
48807;SDS011;41223;49.96402185;8.27850800;2021-02-02T23:55:41;8.13;;;2.10;;
48807;SDS011;41223;49.96402185;8.27850800;2021-02-02T23:58:07;10.73;;;2.20;;
