sensor_id;sensor_type;location;lat;lon;timestamp;P1;durP1;ratioP1;P2;durP2;ratioP2
26656;SDS011;14279;50.010;8.260;2020-08-27T00:00:30;12.23;;;1.80;;
26656;SDS011;14279;50.010;8.260;2020-08-27T00:03:02;7.53;;;1.83;;
26656;SDS011;14279;50.010;8.260;2020-08-27T00:05:37;8.43;;;2.00;;
26656;SDS011;14279;50.010;8.260;2020-08-27T00:08:08;7.27;;;1.90;;
26656;SDS011;14279;50.010;8.260;2020-08-27T00:10:49;4.63;;;2.00;;
26656;SDS011;14279;50.010;8.260;2020-08-27T00:13:21;12.60;;;2.57;;
26656;SDS011;14279;50.010;8.260;2020-08-27T00:16:01;12.07;;;2.50;;
26656;SDS011;14279;50.010;8.260;2020-08-27T00:18:34;12.33;;;2.33;;
26656;SDS011;14279;50.010;8.260;2020-08-27T00:21:02;6.30;;;2.40;;
26656;SDS011;14279;50.010;8.260;2020-08-27T00:23:30;9.40;;;2.23;;
26656;SDS011;14279;50.010;8.260;2020-08-27T00:26:00;9.17;;;2.10;;
26656;SDS011;14279;50.010;8.260;2020-08-27T00:28:31;4.87;;;2.03;;
26656;SDS011;14279;50.010;8.260;2020-08-27T00:31:04;6.87;;;2.00;;
26656;SDS011;14279;50.010;8.260;2020-08-27T00:33:35;5.30;;;2.10;;
26656;SDS011;14279;50.010;8.260;2020-08-27T00:36:06;9.70;;;2.30;;
26656;SDS011;14279;50.010;8.260;2020-08-27T00:38:34;15.30;;;2.70;;
26656;SDS011;14279;50.010;8.260;2020-08-27T00:41:06;7.17;;;2.57;;
26656;SDS011;14279;50.010;8.260;2020-08-27T00:43:36;7.80;;;2.40;;
26656;SDS011;14279;50.010;8.260;2020-08-27T00:46:08;8.43;;;1.87;;
26656;SDS011;14279;50.010;8.260;2020-08-27T00:48:46;9.93;;;2.50;;
26656;SDS011;14279;50.010;8.260;2020-08-27T00:51:21;9.87;;;2.53;;
26656;SDS011;14279;50.010;8.260;2020-08-27T00:53:57;6.43;;;2.13;;
26656;SDS011;14279;50.010;8.260;2020-08-27T00:56:30;15.03;;;2.60;;
26656;SDS011;14279;50.010;8.260;2020-08-27T00:59:18;16.93;;;2.60;;
26656;SDS011;14279;50.010;8.260;2020-08-27T01:01:49;10.07;;;2.33;;
26656;SDS011;14279;50.010;8.260;2020-08-27T01:04:16;13.63;;;2.60;;
26656;SDS011;14279;50.010;8.260;2020-08-27T01:06:43;10.87;;;2.87;;
26656;SDS011;14279;50.010;8.260;2020-08-27T01:11:51;9.93;;;2.40;;
26656;SDS011;14279;50.010;8.260;2020-08-27T01:14:36;5.70;;;2.30;;
26656;SDS011;14279;50.010;8.260;2020-08-27T01:17:18;11.53;;;2.23;;
26656;SDS011;14279;50.010;8.260;2020-08-27T01:20:02;8.50;;;2.43;;
26656;SDS011;14279;50.010;8.260;2020-08-27T01:22:44;8.70;;;2.37;;
26656;SDS011;14279;50.010;8.260;2020-08-27T01:25:28;10.80;;;2.50;;
26656;SDS011;14279;50.010;8.260;2020-08-27T01:28:11;5.20;;;2.30;;
26656;SDS011;14279;50.010;8.260;2020-08-27T01:30:59;6.37;;;2.07;;
26656;SDS011;14279;50.010;8.260;2020-08-27T01:33:45;12.90;;;2.87;;
26656;SDS011;14279;50.010;8.260;2020-08-27T01:36:20;8.73;;;2.67;;
26656;SDS011;14279;50.010;8.260;2020-08-27T01:38:55;9.30;;;2.57;;
26656;SDS011;14279;50.010;8.260;2020-08-27T01:41:26;7.87;;;2.63;;
26656;SDS011;14279;50.010;8.260;2020-08-27T01:43:56;15.30;;;2.47;;
26656;SDS011;14279;50.010;8.260;2020-08-27T01:46:26;9.20;;;2.57;;
26656;SDS011;14279;50.010;8.260;2020-08-27T01:49:14;14.30;;;3.00;;
26656;SDS011;14279;50.010;8.260;2020-08-27T01:51:46;7.57;;;2.80;;
26656;SDS011;14279;50.010;8.260;2020-08-27T01:54:16;9.07;;;2.90;;
26656;SDS011;14279;50.010;8.260;2020-08-27T01:56:52;12.00;;;2.70;;
26656;SDS011;14279;50.010;8.260;2020-08-27T01:59:27;8.70;;;2.97;;
26656;SDS011;14279;50.010;8.260;2020-08-27T02:01:57;10.63;;;3.03;;
26656;SDS011;14279;50.010;8.260;2020-08-27T02:04:28;9.27;;;2.80;;
26656;SDS011;14279;50.010;8.260;2020-08-27T02:07:01;14.90;;;2.80;;
26656;SDS011;14279;50.010;8.260;2020-08-27T02:09:45;7.93;;;2.50;;
26656;SDS011;14279;50.010;8.260;2020-08-27T02:12:24;11.70;;;2.97;;
26656;SDS011;14279;50.010;8.260;2020-08-27T02:14:56;12.00;;;2.77;;
26656;SDS011;14279;50.010;8.260;2020-08-27T02:17:32;7.53;;;2.43;;
26656;SDS011;14279;50.010;8.260;2020-08-27T02:20:01;12.87;;;2.47;;
26656;SDS011;14279;50.010;8.260;2020-08-27T02:22:34;9.43;;;2.27;;
26656;SDS011;14279;50.010;8.260;2020-08-27T02:25:05;14.47;;;2.87;;
26656;SDS011;14279;50.010;8.260;2020-08-27T02:27:38;10.40;;;2.97;;
26656;SDS011;14279;50.010;8.260;2020-08-27T02:30:18;10.77;;;2.60;;
26656;SDS011;14279;50.010;8.260;2020-08-27T02:32:50;7.10;;;1.87;;
26656;SDS011;14279;50.010;8.260;2020-08-27T02:35:24;15.33;;;2.20;;
26656;SDS011;14279;50.010;8.260;2020-08-27T02:37:54;13.60;;;3.00;;
26656;SDS011;14279;50.010;8.260;2020-08-27T02:40:24;13.03;;;2.63;;
26656;SDS011;14279;50.010;8.260;2020-08-27T02:42:56;11.57;;;3.40;;
26656;SDS011;14279;50.010;8.260;2020-08-27T02:45:33;13.40;;;2.87;;
26656;SDS011;14279;50.010;8.260;2020-08-27T02:48:02;16.87;;;2.50;;
26656;SDS011;14279;50.010;8.260;2020-08-27T02:50:32;12.20;;;3.10;;
26656;SDS011;14279;50.010;8.260;2020-08-27T02:53:03;17.00;;;3.30;;
26656;SDS011;14279;50.010;8.260;2020-08-27T02:55:31;11.47;;;2.90;;
26656;SDS011;14279;50.010;8.260;2020-08-27T02:57:57;6.90;;;2.50;;
26656;SDS011;14279;50.010;8.260;2020-08-27T03:00:28;12.03;;;2.70;;
26656;SDS011;14279;50.010;8.260;2020-08-27T03:03:00;10.27;;;3.10;;
26656;SDS011;14279;50.010;8.260;2020-08-27T03:05:26;10.30;;;2.80;;
26656;SDS011;14279;50.010;8.260;2020-08-27T03:07:52;10.33;;;2.83;;
26656;SDS011;14279;50.010;8.260;2020-08-27T03:10:23;6.73;;;2.50;;
26656;SDS011;14279;50.010;8.260;2020-08-27T03:12:57;7.73;;;2.50;;
26656;SDS011;14279;50.010;8.260;2020-08-27T03:15:29;15.87;;;2.90;;
26656;SDS011;14279;50.010;8.260;2020-08-27T03:18:00;7.43;;;2.47;;
26656;SDS011;14279;50.010;8.260;2020-08-27T03:20:31;15.43;;;4.00;;
26656;SDS011;14279;50.010;8.260;2020-08-27T03:23:01;8.60;;;2.77;;
26656;SDS011;14279;50.010;8.260;2020-08-27T03:25:32;9.10;;;2.90;;
26656;SDS011;14279;50.010;8.260;2020-08-27T03:28:02;13.10;;;2.80;;
26656;SDS011;14279;50.010;8.260;2020-08-27T03:30:30;16.10;;;3.00;;
26656;SDS011;14279;50.010;8.260;2020-08-27T03:32:59;9.40;;;2.73;;
26656;SDS011;14279;50.010;8.260;2020-08-27T03:35:33;12.93;;;2.30;;
26656;SDS011;14279;50.010;8.260;2020-08-27T03:38:03;13.03;;;3.30;;
26656;SDS011;14279;50.010;8.260;2020-08-27T03:43:40;13.90;;;3.20;;
26656;SDS011;14279;50.010;8.260;2020-08-27T03:46:13;16.80;;;2.53;;
26656;SDS011;14279;50.010;8.260;2020-08-27T03:53:56;11.83;;;2.83;;
26656;SDS011;14279;50.010;8.260;2020-08-27T03:56:47;9.53;;;2.70;;
26656;SDS011;14279;50.010;8.260;2020-08-27T03:59:23;13.63;;;3.40;;
26656;SDS011;14279;50.010;8.260;2020-08-27T04:04:33;12.20;;;2.90;;
26656;SDS011;14279;50.010;8.260;2020-08-27T04:26:17;28.73;;;4.07;;
26656;SDS011;14279;50.010;8.260;2020-08-27T04:28:44;10.20;;;2.63;;
26656;SDS011;14279;50.010;8.260;2020-08-27T04:31:24;10.00;;;2.47;;
26656;SDS011;14279;50.010;8.260;2020-08-27T04:34:25;17.87;;;3.63;;
26656;SDS011;14279;50.010;8.260;2020-08-27T04:37:00;16.43;;;3.20;;
26656;SDS011;14279;50.010;8.260;2020-08-27T04:39:48;15.23;;;3.50;;
26656;SDS011;14279;50.010;8.260;2020-08-27T04:42:29;21.60;;;3.40;;
26656;SDS011;14279;50.010;8.260;2020-08-27T04:47:34;9.07;;;3.10;;
26656;SDS011;14279;50.010;8.260;2020-08-27T04:55:19;11.93;;;2.90;;
26656;SDS011;14279;50.010;8.260;2020-08-27T04:57:51;13.63;;;3.37;;
26656;SDS011;14279;50.010;8.260;2020-08-27T05:00:24;8.67;;;3.03;;
26656;SDS011;14279;50.010;8.260;2020-08-27T05:03:12;19.10;;;3.57;;
26656;SDS011;14279;50.010;8.260;2020-08-27T05:08:45;12.63;;;3.30;;
26656;SDS011;14279;50.010;8.260;2020-08-27T05:11:33;17.70;;;3.30;;
26656;SDS011;14279;50.010;8.260;2020-08-27T05:16:45;11.77;;;3.43;;
26656;SDS011;14279;50.010;8.260;2020-08-27T05:19:24;10.00;;;3.00;;
26656;SDS011;14279;50.010;8.260;2020-08-27T05:21:56;13.60;;;3.90;;
26656;SDS011;14279;50.010;8.260;2020-08-27T05:30:25;14.20;;;3.67;;
26656;SDS011;14279;50.010;8.260;2020-08-27T05:35:54;19.03;;;3.73;;
26656;SDS011;14279;50.010;8.260;2020-08-27T05:43:27;9.17;;;3.80;;
26656;SDS011;14279;50.010;8.260;2020-08-27T05:48:38;11.50;;;3.90;;
26656;SDS011;14279;50.010;8.260;2020-08-27T05:53:54;16.50;;;3.80;;
26656;SDS011;14279;50.010;8.260;2020-08-27T05:56:42;16.30;;;3.60;;
26656;SDS011;14279;50.010;8.260;2020-08-27T05:59:26;15.70;;;3.20;;
26656;SDS011;14279;50.010;8.260;2020-08-27T06:02:02;14.63;;;3.45;;
26656;SDS011;14279;50.010;8.260;2020-08-27T06:07:53;9.70;;;2.93;;
26656;SDS011;14279;50.010;8.260;2020-08-27T06:13:17;14.43;;;3.13;;
26656;SDS011;14279;50.010;8.260;2020-08-27T06:15:58;15.30;;;3.17;;
26656;SDS011;14279;50.010;8.260;2020-08-27T06:18:43;9.23;;;2.60;;
26656;SDS011;14279;50.010;8.260;2020-08-27T06:21:15;13.73;;;3.53;;
26656;SDS011;14279;50.010;8.260;2020-08-27T06:23:47;14.63;;;4.40;;
26656;SDS011;14279;50.010;8.260;2020-08-27T06:26:20;17.53;;;2.97;;
26656;SDS011;14279;50.010;8.260;2020-08-27T06:28:48;18.37;;;3.70;;
26656;SDS011;14279;50.010;8.260;2020-08-27T06:31:28;13.40;;;3.77;;
26656;SDS011;14279;50.010;8.260;2020-08-27T06:34:09;14.90;;;3.87;;
26656;SDS011;14279;50.010;8.260;2020-08-27T06:36:50;23.50;;;3.97;;
26656;SDS011;14279;50.010;8.260;2020-08-27T06:39:38;9.37;;;3.50;;
26656;SDS011;14279;50.010;8.260;2020-08-27T06:42:19;12.80;;;3.83;;
26656;SDS011;14279;50.010;8.260;2020-08-27T06:44:57;9.37;;;3.13;;
26656;SDS011;14279;50.010;8.260;2020-08-27T06:47:36;10.33;;;3.43;;
26656;SDS011;14279;50.010;8.260;2020-08-27T06:50:12;20.30;;;3.90;;
26656;SDS011;14279;50.010;8.260;2020-08-27T06:52:53;10.53;;;3.33;;
26656;SDS011;14279;50.010;8.260;2020-08-27T06:55:29;10.90;;;3.03;;
26656;SDS011;14279;50.010;8.260;2020-08-27T07:00:42;13.47;;;3.07;;
26656;SDS011;14279;50.010;8.260;2020-08-27T07:09:02;13.23;;;2.40;;
26656;SDS011;14279;50.010;8.260;2020-08-27T07:11:40;15.50;;;3.00;;
26656;SDS011;14279;50.010;8.260;2020-08-27T07:17:17;9.30;;;2.60;;
26656;SDS011;14279;50.010;8.260;2020-08-27T07:19:53;10.20;;;2.93;;
26656;SDS011;14279;50.010;8.260;2020-08-27T07:25:26;22.70;;;3.43;;
26656;SDS011;14279;50.010;8.260;2020-08-27T07:30:55;10.20;;;2.90;;
26656;SDS011;14279;50.010;8.260;2020-08-27T07:33:58;15.83;;;3.40;;
26656;SDS011;14279;50.010;8.260;2020-08-27T07:36:43;17.50;;;3.40;;
26656;SDS011;14279;50.010;8.260;2020-08-27T07:42:03;16.50;;;3.27;;
26656;SDS011;14279;50.010;8.260;2020-08-27T07:44:42;8.23;;;3.00;;
26656;SDS011;14279;50.010;8.260;2020-08-27T07:47:18;14.30;;;3.57;;
26656;SDS011;14279;50.010;8.260;2020-08-27T07:50:00;15.17;;;2.93;;
26656;SDS011;14279;50.010;8.260;2020-08-27T07:52:48;15.37;;;3.17;;
26656;SDS011;14279;50.010;8.260;2020-08-27T07:55:27;8.20;;;3.30;;
26656;SDS011;14279;50.010;8.260;2020-08-27T07:58:12;11.57;;;3.00;;
26656;SDS011;14279;50.010;8.260;2020-08-27T08:00:43;11.23;;;3.20;;
26656;SDS011;14279;50.010;8.260;2020-08-27T08:05:48;9.47;;;2.70;;
26656;SDS011;14279;50.010;8.260;2020-08-27T08:08:17;16.63;;;3.20;;
26656;SDS011;14279;50.010;8.260;2020-08-27T08:10:55;11.93;;;3.30;;
26656;SDS011;14279;50.010;8.260;2020-08-27T08:13:26;9.77;;;2.93;;
26656;SDS011;14279;50.010;8.260;2020-08-27T08:18:56;9.87;;;3.40;;
26656;SDS011;14279;50.010;8.260;2020-08-27T08:21:45;11.57;;;3.40;;
26656;SDS011;14279;50.010;8.260;2020-08-27T08:24:13;24.27;;;4.90;;
26656;SDS011;14279;50.010;8.260;2020-08-27T08:26:41;10.80;;;3.27;;
26656;SDS011;14279;50.010;8.260;2020-08-27T08:29:12;16.17;;;3.13;;
26656;SDS011;14279;50.010;8.260;2020-08-27T08:31:44;12.77;;;3.50;;
26656;SDS011;14279;50.010;8.260;2020-08-27T08:34:17;8.50;;;2.47;;
26656;SDS011;14279;50.010;8.260;2020-08-27T08:36:45;8.93;;;2.83;;
26656;SDS011;14279;50.010;8.260;2020-08-27T08:39:16;18.70;;;3.10;;
26656;SDS011;14279;50.010;8.260;2020-08-27T08:41:48;16.77;;;3.43;;
26656;SDS011;14279;50.010;8.260;2020-08-27T08:44:18;13.83;;;2.80;;
26656;SDS011;14279;50.010;8.260;2020-08-27T08:46:47;10.70;;;2.90;;
26656;SDS011;14279;50.010;8.260;2020-08-27T08:49:15;13.17;;;2.90;;
26656;SDS011;14279;50.010;8.260;2020-08-27T08:51:46;8.37;;;2.47;;
26656;SDS011;14279;50.010;8.260;2020-08-27T08:54:20;10.07;;;2.63;;
26656;SDS011;14279;50.010;8.260;2020-08-27T08:56:50;10.70;;;2.20;;
26656;SDS011;14279;50.010;8.260;2020-08-27T08:59:18;12.60;;;3.37;;
26656;SDS011;14279;50.010;8.260;2020-08-27T09:01:51;13.00;;;3.20;;
26656;SDS011;14279;50.010;8.260;2020-08-27T09:04:22;11.40;;;3.20;;
26656;SDS011;14279;50.010;8.260;2020-08-27T09:06:51;13.07;;;3.50;;
26656;SDS011;14279;50.010;8.260;2020-08-27T09:09:54;16.00;;;3.27;;
26656;SDS011;14279;50.010;8.260;2020-08-27T09:12:19;15.80;;;3.27;;
26656;SDS011;14279;50.010;8.260;2020-08-27T09:14:51;15.60;;;2.77;;
26656;SDS011;14279;50.010;8.260;2020-08-27T09:19:57;7.70;;;2.20;;
26656;SDS011;14279;50.010;8.260;2020-08-27T09:22:31;17.40;;;3.50;;
26656;SDS011;14279;50.010;8.260;2020-08-27T09:24:59;15.03;;;2.47;;
26656;SDS011;14279;50.010;8.260;2020-08-27T09:27:27;13.83;;;2.67;;
26656;SDS011;14279;50.010;8.260;2020-08-27T09:30:01;6.47;;;2.20;;
26656;SDS011;14279;50.010;8.260;2020-08-27T09:32:34;11.03;;;2.70;;
26656;SDS011;14279;50.010;8.260;2020-08-27T09:35:14;5.63;;;2.10;;
26656;SDS011;14279;50.010;8.260;2020-08-27T09:37:50;8.73;;;2.43;;
26656;SDS011;14279;50.010;8.260;2020-08-27T09:40:21;9.60;;;2.40;;
26656;SDS011;14279;50.010;8.260;2020-08-27T09:42:49;9.70;;;2.13;;
26656;SDS011;14279;50.010;8.260;2020-08-27T09:45:27;9.97;;;2.17;;
26656;SDS011;14279;50.010;8.260;2020-08-27T09:47:57;7.27;;;2.30;;
26656;SDS011;14279;50.010;8.260;2020-08-27T09:50:29;11.10;;;1.80;;
26656;SDS011;14279;50.010;8.260;2020-08-27T09:53:02;14.90;;;2.53;;
26656;SDS011;14279;50.010;8.260;2020-08-27T09:55:33;8.83;;;2.30;;
26656;SDS011;14279;50.010;8.260;2020-08-27T09:58:02;9.27;;;2.13;;
26656;SDS011;14279;50.010;8.260;2020-08-27T10:00:39;6.87;;;2.20;;
26656;SDS011;14279;50.010;8.260;2020-08-27T10:03:13;9.80;;;2.20;;
26656;SDS011;14279;50.010;8.260;2020-08-27T10:05:46;7.13;;;2.00;;
26656;SDS011;14279;50.010;8.260;2020-08-27T10:08:18;7.43;;;1.73;;
26656;SDS011;14279;50.010;8.260;2020-08-27T10:10:50;6.43;;;1.73;;
26656;SDS011;14279;50.010;8.260;2020-08-27T10:13:24;8.20;;;1.80;;
26656;SDS011;14279;50.010;8.260;2020-08-27T10:15:55;6.87;;;2.10;;
26656;SDS011;14279;50.010;8.260;2020-08-27T10:18:40;8.80;;;1.80;;
26656;SDS011;14279;50.010;8.260;2020-08-27T10:21:30;9.30;;;2.03;;
26656;SDS011;14279;50.010;8.260;2020-08-27T10:24:12;4.80;;;1.93;;
26656;SDS011;14279;50.010;8.260;2020-08-27T10:26:53;6.57;;;2.10;;
26656;SDS011;14279;50.010;8.260;2020-08-27T10:29:23;10.17;;;2.60;;
26656;SDS011;14279;50.010;8.260;2020-08-27T10:31:52;8.37;;;1.90;;
26656;SDS011;14279;50.010;8.260;2020-08-27T10:34:21;9.77;;;2.17;;
26656;SDS011;14279;50.010;8.260;2020-08-27T10:37:10;7.80;;;1.87;;
26656;SDS011;14279;50.010;8.260;2020-08-27T10:39:40;8.67;;;2.20;;
26656;SDS011;14279;50.010;8.260;2020-08-27T10:42:09;6.53;;;2.43;;
26656;SDS011;14279;50.010;8.260;2020-08-27T10:44:38;4.30;;;1.63;;
26656;SDS011;14279;50.010;8.260;2020-08-27T10:47:08;5.23;;;2.10;;
26656;SDS011;14279;50.010;8.260;2020-08-27T10:49:39;8.73;;;1.90;;
26656;SDS011;14279;50.010;8.260;2020-08-27T10:52:11;15.83;;;2.23;;
26656;SDS011;14279;50.010;8.260;2020-08-27T10:54:48;9.67;;;1.93;;
26656;SDS011;14279;50.010;8.260;2020-08-27T10:57:18;7.90;;;1.90;;
26656;SDS011;14279;50.010;8.260;2020-08-27T10:59:51;9.83;;;1.60;;
26656;SDS011;14279;50.010;8.260;2020-08-27T11:02:23;5.40;;;1.63;;
26656;SDS011;14279;50.010;8.260;2020-08-27T11:04:59;4.77;;;1.77;;
26656;SDS011;14279;50.010;8.260;2020-08-27T11:07:30;14.67;;;1.70;;
26656;SDS011;14279;50.010;8.260;2020-08-27T11:10:00;7.30;;;2.00;;
26656;SDS011;14279;50.010;8.260;2020-08-27T11:12:31;12.00;;;2.00;;
26656;SDS011;14279;50.010;8.260;2020-08-27T11:15:00;5.00;;;1.70;;
26656;SDS011;14279;50.010;8.260;2020-08-27T11:17:30;10.60;;;2.03;;
26656;SDS011;14279;50.010;8.260;2020-08-27T11:20:04;5.77;;;1.57;;
26656;SDS011;14279;50.010;8.260;2020-08-27T11:22:35;7.93;;;1.93;;
26656;SDS011;14279;50.010;8.260;2020-08-27T11:25:05;10.30;;;1.93;;
26656;SDS011;14279;50.010;8.260;2020-08-27T11:27:36;3.70;;;2.17;;
26656;SDS011;14279;50.010;8.260;2020-08-27T11:30:09;3.80;;;1.67;;
26656;SDS011;14279;50.010;8.260;2020-08-27T11:32:41;6.23;;;2.00;;
26656;SDS011;14279;50.010;8.260;2020-08-27T11:35:12;8.70;;;2.00;;
26656;SDS011;14279;50.010;8.260;2020-08-27T11:37:48;6.93;;;1.97;;
26656;SDS011;14279;50.010;8.260;2020-08-27T11:43:11;10.67;;;2.10;;
26656;SDS011;14279;50.010;8.260;2020-08-27T11:45:57;5.47;;;1.90;;
26656;SDS011;14279;50.010;8.260;2020-08-27T11:48:26;5.30;;;1.77;;
26656;SDS011;14279;50.010;8.260;2020-08-27T11:50:55;12.93;;;2.07;;
26656;SDS011;14279;50.010;8.260;2020-08-27T11:53:26;6.97;;;2.30;;
26656;SDS011;14279;50.010;8.260;2020-08-27T11:55:57;9.73;;;2.17;;
26656;SDS011;14279;50.010;8.260;2020-08-27T11:58:38;9.27;;;1.80;;
26656;SDS011;14279;50.010;8.260;2020-08-27T12:01:11;5.93;;;2.10;;
26656;SDS011;14279;50.010;8.260;2020-08-27T12:03:48;9.00;;;2.10;;
26656;SDS011;14279;50.010;8.260;2020-08-27T12:06:19;11.97;;;2.40;;
26656;SDS011;14279;50.010;8.260;2020-08-27T12:08:52;10.83;;;1.90;;
26656;SDS011;14279;50.010;8.260;2020-08-27T12:11:21;12.23;;;2.37;;
26656;SDS011;14279;50.010;8.260;2020-08-27T12:13:54;6.10;;;1.93;;
26656;SDS011;14279;50.010;8.260;2020-08-27T12:16:29;10.70;;;2.23;;
26656;SDS011;14279;50.010;8.260;2020-08-27T12:19:01;6.53;;;1.87;;
26656;SDS011;14279;50.010;8.260;2020-08-27T12:21:31;5.53;;;1.60;;
26656;SDS011;14279;50.010;8.260;2020-08-27T12:24:23;6.03;;;2.03;;
26656;SDS011;14279;50.010;8.260;2020-08-27T12:26:55;11.13;;;2.23;;
26656;SDS011;14279;50.010;8.260;2020-08-27T12:29:26;4.87;;;1.83;;
26656;SDS011;14279;50.010;8.260;2020-08-27T12:31:56;6.27;;;1.50;;
26656;SDS011;14279;50.010;8.260;2020-08-27T12:34:23;5.30;;;1.83;;
26656;SDS011;14279;50.010;8.260;2020-08-27T12:39:31;12.43;;;1.87;;
26656;SDS011;14279;50.010;8.260;2020-08-27T12:42:03;8.13;;;2.17;;
26656;SDS011;14279;50.010;8.260;2020-08-27T12:44:33;7.23;;;2.20;;
26656;SDS011;14279;50.010;8.260;2020-08-27T12:47:05;8.50;;;1.97;;
26656;SDS011;14279;50.010;8.260;2020-08-27T12:49:41;10.17;;;2.43;;
26656;SDS011;14279;50.010;8.260;2020-08-27T12:52:09;6.50;;;1.83;;
26656;SDS011;14279;50.010;8.260;2020-08-27T12:54:39;3.53;;;1.83;;
26656;SDS011;14279;50.010;8.260;2020-08-27T12:57:10;10.90;;;2.50;;
26656;SDS011;14279;50.010;8.260;2020-08-27T12:59:45;12.03;;;2.43;;
26656;SDS011;14279;50.010;8.260;2020-08-27T13:02:14;6.70;;;1.90;;
26656;SDS011;14279;50.010;8.260;2020-08-27T13:04:44;7.47;;;2.00;;
26656;SDS011;14279;50.010;8.260;2020-08-27T13:07:18;7.27;;;2.10;;
26656;SDS011;14279;50.010;8.260;2020-08-27T13:09:51;13.50;;;2.37;;
26656;SDS011;14279;50.010;8.260;2020-08-27T13:12:21;6.57;;;1.53;;
26656;SDS011;14279;50.010;8.260;2020-08-27T13:14:54;7.80;;;2.27;;
26656;SDS011;14279;50.010;8.260;2020-08-27T13:17:26;7.80;;;2.57;;
26656;SDS011;14279;50.010;8.260;2020-08-27T13:19:55;13.90;;;1.93;;
26656;SDS011;14279;50.010;8.260;2020-08-27T13:22:23;18.30;;;3.60;;
26656;SDS011;14279;50.010;8.260;2020-08-27T13:24:53;10.60;;;2.17;;
26656;SDS011;14279;50.010;8.260;2020-08-27T13:27:27;11.63;;;1.60;;
26656;SDS011;14279;50.010;8.260;2020-08-27T13:29:58;6.00;;;2.00;;
26656;SDS011;14279;50.010;8.260;2020-08-27T13:32:32;8.70;;;2.00;;
26656;SDS011;14279;50.010;8.260;2020-08-27T13:35:01;5.23;;;1.73;;
26656;SDS011;14279;50.010;8.260;2020-08-27T13:37:33;7.00;;;1.90;;
26656;SDS011;14279;50.010;8.260;2020-08-27T13:40:03;5.20;;;1.97;;
26656;SDS011;14279;50.010;8.260;2020-08-27T13:42:43;3.43;;;1.53;;
26656;SDS011;14279;50.010;8.260;2020-08-27T13:45:29;7.00;;;2.00;;
26656;SDS011;14279;50.010;8.260;2020-08-27T13:48:01;16.77;;;2.10;;
26656;SDS011;14279;50.010;8.260;2020-08-27T13:50:33;9.20;;;2.27;;
26656;SDS011;14279;50.010;8.260;2020-08-27T13:53:05;7.30;;;1.90;;
26656;SDS011;14279;50.010;8.260;2020-08-27T13:55:38;5.07;;;1.80;;
26656;SDS011;14279;50.010;8.260;2020-08-27T13:58:08;6.27;;;2.10;;
26656;SDS011;14279;50.010;8.260;2020-08-27T14:00:40;10.17;;;2.20;;
26656;SDS011;14279;50.010;8.260;2020-08-27T14:03:11;6.90;;;1.77;;
26656;SDS011;14279;50.010;8.260;2020-08-27T14:05:40;5.83;;;2.10;;
26656;SDS011;14279;50.010;8.260;2020-08-27T14:08:10;6.10;;;1.70;;
26656;SDS011;14279;50.010;8.260;2020-08-27T14:10:44;10.73;;;1.77;;
26656;SDS011;14279;50.010;8.260;2020-08-27T14:13:25;6.00;;;1.77;;
26656;SDS011;14279;50.010;8.260;2020-08-27T14:15:54;10.80;;;1.70;;
26656;SDS011;14279;50.010;8.260;2020-08-27T14:18:25;6.20;;;2.43;;
26656;SDS011;14279;50.010;8.260;2020-08-27T14:21:10;11.30;;;2.40;;
26656;SDS011;14279;50.010;8.260;2020-08-27T14:23:42;4.37;;;2.13;;
26656;SDS011;14279;50.010;8.260;2020-08-27T14:26:07;7.00;;;2.00;;
26656;SDS011;14279;50.010;8.260;2020-08-27T14:28:35;8.47;;;2.23;;
26656;SDS011;14279;50.010;8.260;2020-08-27T14:31:05;6.00;;;1.73;;
26656;SDS011;14279;50.010;8.260;2020-08-27T14:33:45;11.77;;;2.90;;
26656;SDS011;14279;50.010;8.260;2020-08-27T14:36:20;10.20;;;2.47;;
26656;SDS011;14279;50.010;8.260;2020-08-27T14:38:50;8.23;;;2.10;;
26656;SDS011;14279;50.010;8.260;2020-08-27T14:41:20;9.30;;;1.90;;
26656;SDS011;14279;50.010;8.260;2020-08-27T14:43:56;5.10;;;2.23;;
26656;SDS011;14279;50.010;8.260;2020-08-27T14:46:26;8.57;;;1.83;;
26656;SDS011;14279;50.010;8.260;2020-08-27T14:48:56;10.23;;;1.80;;
26656;SDS011;14279;50.010;8.260;2020-08-27T14:51:24;8.77;;;1.87;;
26656;SDS011;14279;50.010;8.260;2020-08-27T14:53:58;5.73;;;2.23;;
26656;SDS011;14279;50.010;8.260;2020-08-27T14:56:34;7.03;;;1.63;;
26656;SDS011;14279;50.010;8.260;2020-08-27T14:59:09;5.40;;;1.17;;
26656;SDS011;14279;50.010;8.260;2020-08-27T15:01:39;4.80;;;1.50;;
26656;SDS011;14279;50.010;8.260;2020-08-27T15:04:08;5.03;;;1.70;;
26656;SDS011;14279;50.010;8.260;2020-08-27T15:06:42;8.60;;;2.43;;
26656;SDS011;14279;50.010;8.260;2020-08-27T15:09:17;8.60;;;2.07;;
26656;SDS011;14279;50.010;8.260;2020-08-27T15:11:51;9.93;;;1.70;;
26656;SDS011;14279;50.010;8.260;2020-08-27T15:14:18;9.10;;;2.23;;
26656;SDS011;14279;50.010;8.260;2020-08-27T15:16:45;9.97;;;2.10;;
26656;SDS011;14279;50.010;8.260;2020-08-27T15:21:51;5.10;;;2.73;;
26656;SDS011;14279;50.010;8.260;2020-08-27T15:24:23;7.87;;;1.70;;
26656;SDS011;14279;50.010;8.260;2020-08-27T15:26:56;6.33;;;2.00;;
26656;SDS011;14279;50.010;8.260;2020-08-27T15:29:25;11.23;;;2.13;;
26656;SDS011;14279;50.010;8.260;2020-08-27T15:32:00;11.17;;;2.10;;
26656;SDS011;14279;50.010;8.260;2020-08-27T15:34:36;7.50;;;1.80;;
26656;SDS011;14279;50.010;8.260;2020-08-27T15:37:07;5.20;;;1.90;;
26656;SDS011;14279;50.010;8.260;2020-08-27T15:39:37;7.70;;;1.80;;
26656;SDS011;14279;50.010;8.260;2020-08-27T15:42:04;10.53;;;2.23;;
26656;SDS011;14279;50.010;8.260;2020-08-27T15:44:30;4.47;;;1.70;;
26656;SDS011;14279;50.010;8.260;2020-08-27T15:46:58;5.40;;;1.80;;
26656;SDS011;14279;50.010;8.260;2020-08-27T15:49:30;6.73;;;1.60;;
26656;SDS011;14279;50.010;8.260;2020-08-27T15:52:01;6.03;;;2.17;;
26656;SDS011;14279;50.010;8.260;2020-08-27T15:57:12;5.20;;;2.03;;
26656;SDS011;14279;50.010;8.260;2020-08-27T15:59:41;5.93;;;1.70;;
26656;SDS011;14279;50.010;8.260;2020-08-27T16:02:11;7.60;;;1.83;;
26656;SDS011;14279;50.010;8.260;2020-08-27T16:04:47;5.10;;;2.10;;
26656;SDS011;14279;50.010;8.260;2020-08-27T16:07:17;9.97;;;1.97;;
26656;SDS011;14279;50.010;8.260;2020-08-27T16:10:03;10.07;;;2.23;;
26656;SDS011;14279;50.010;8.260;2020-08-27T16:12:56;9.83;;;2.33;;
26656;SDS011;14279;50.010;8.260;2020-08-27T16:15:29;5.57;;;1.50;;
26656;SDS011;14279;50.010;8.260;2020-08-27T16:18:03;5.00;;;2.10;;
26656;SDS011;14279;50.010;8.260;2020-08-27T16:20:42;7.33;;;2.97;;
26656;SDS011;14279;50.010;8.260;2020-08-27T16:23:18;6.83;;;1.70;;
26656;SDS011;14279;50.010;8.260;2020-08-27T16:25:47;5.33;;;1.93;;
26656;SDS011;14279;50.010;8.260;2020-08-27T16:28:16;7.27;;;1.70;;
26656;SDS011;14279;50.010;8.260;2020-08-27T16:30:51;8.03;;;1.53;;
26656;SDS011;14279;50.010;8.260;2020-08-27T16:33:22;4.90;;;1.57;;
26656;SDS011;14279;50.010;8.260;2020-08-27T16:38:43;5.70;;;2.23;;
26656;SDS011;14279;50.010;8.260;2020-08-27T16:41:13;7.50;;;1.93;;
26656;SDS011;14279;50.010;8.260;2020-08-27T16:43:39;5.50;;;1.63;;
26656;SDS011;14279;50.010;8.260;2020-08-27T16:46:11;10.30;;;1.90;;
26656;SDS011;14279;50.010;8.260;2020-08-27T16:48:46;8.83;;;1.80;;
26656;SDS011;14279;50.010;8.260;2020-08-27T16:51:16;4.33;;;1.83;;
26656;SDS011;14279;50.010;8.260;2020-08-27T16:53:45;5.93;;;2.00;;
26656;SDS011;14279;50.010;8.260;2020-08-27T16:58:58;8.60;;;2.23;;
26656;SDS011;14279;50.010;8.260;2020-08-27T17:01:29;7.20;;;2.13;;
26656;SDS011;14279;50.010;8.260;2020-08-27T17:03:55;7.17;;;1.90;;
26656;SDS011;14279;50.010;8.260;2020-08-27T17:06:29;5.97;;;1.80;;
26656;SDS011;14279;50.010;8.260;2020-08-27T17:09:00;12.67;;;2.07;;
26656;SDS011;14279;50.010;8.260;2020-08-27T17:11:32;8.63;;;1.93;;
26656;SDS011;14279;50.010;8.260;2020-08-27T17:14:02;13.37;;;2.23;;
26656;SDS011;14279;50.010;8.260;2020-08-27T17:16:29;7.93;;;2.47;;
26656;SDS011;14279;50.010;8.260;2020-08-27T17:19:07;5.47;;;1.90;;
26656;SDS011;14279;50.010;8.260;2020-08-27T17:21:39;12.40;;;2.10;;
26656;SDS011;14279;50.010;8.260;2020-08-27T17:24:07;8.37;;;2.10;;
26656;SDS011;14279;50.010;8.260;2020-08-27T17:26:38;5.43;;;1.97;;
26656;SDS011;14279;50.010;8.260;2020-08-27T17:29:09;10.20;;;2.70;;
26656;SDS011;14279;50.010;8.260;2020-08-27T17:31:40;16.53;;;2.73;;
26656;SDS011;14279;50.010;8.260;2020-08-27T17:34:10;15.70;;;2.27;;
26656;SDS011;14279;50.010;8.260;2020-08-27T17:36:51;9.40;;;2.00;;
26656;SDS011;14279;50.010;8.260;2020-08-27T17:39:24;9.57;;;2.63;;
26656;SDS011;14279;50.010;8.260;2020-08-27T17:41:51;9.70;;;2.40;;
26656;SDS011;14279;50.010;8.260;2020-08-27T17:44:24;6.93;;;2.30;;
26656;SDS011;14279;50.010;8.260;2020-08-27T17:47:06;11.40;;;2.30;;
26656;SDS011;14279;50.010;8.260;2020-08-27T17:49:41;7.00;;;2.20;;
26656;SDS011;14279;50.010;8.260;2020-08-27T17:52:26;12.73;;;2.63;;
26656;SDS011;14279;50.010;8.260;2020-08-27T17:54:57;14.50;;;2.60;;
26656;SDS011;14279;50.010;8.260;2020-08-27T17:57:22;16.50;;;3.00;;
26656;SDS011;14279;50.010;8.260;2020-08-27T17:59:48;27.73;;;2.60;;
26656;SDS011;14279;50.010;8.260;2020-08-27T18:02:15;8.47;;;2.10;;
26656;SDS011;14279;50.010;8.260;2020-08-27T18:04:49;15.03;;;2.27;;
26656;SDS011;14279;50.010;8.260;2020-08-27T18:07:20;8.43;;;2.60;;
26656;SDS011;14279;50.010;8.260;2020-08-27T18:10:03;10.83;;;2.93;;
26656;SDS011;14279;50.010;8.260;2020-08-27T18:13:21;13.67;;;3.03;;
26656;SDS011;14279;50.010;8.260;2020-08-27T18:15:52;10.67;;;3.30;;
26656;SDS011;14279;50.010;8.260;2020-08-27T18:18:22;11.33;;;2.70;;
26656;SDS011;14279;50.010;8.260;2020-08-27T18:20:49;6.80;;;2.77;;
26656;SDS011;14279;50.010;8.260;2020-08-27T18:23:18;9.60;;;2.30;;
26656;SDS011;14279;50.010;8.260;2020-08-27T18:25:49;6.57;;;2.73;;
26656;SDS011;14279;50.010;8.260;2020-08-27T18:28:22;10.33;;;2.70;;
26656;SDS011;14279;50.010;8.260;2020-08-27T18:31:09;11.03;;;2.60;;
26656;SDS011;14279;50.010;8.260;2020-08-27T18:33:37;13.27;;;2.90;;
26656;SDS011;14279;50.010;8.260;2020-08-27T18:36:08;13.33;;;4.93;;
26656;SDS011;14279;50.010;8.260;2020-08-27T18:38:37;20.63;;;4.90;;
26656;SDS011;14279;50.010;8.260;2020-08-27T18:41:10;15.67;;;4.20;;
26656;SDS011;14279;50.010;8.260;2020-08-27T18:43:51;16.27;;;4.00;;
26656;SDS011;14279;50.010;8.260;2020-08-27T18:46:25;14.80;;;4.27;;
26656;SDS011;14279;50.010;8.260;2020-08-27T18:48:53;9.60;;;3.10;;
26656;SDS011;14279;50.010;8.260;2020-08-27T18:51:22;11.43;;;3.07;;
26656;SDS011;14279;50.010;8.260;2020-08-27T18:53:52;13.03;;;3.63;;
26656;SDS011;14279;50.010;8.260;2020-08-27T18:56:25;11.43;;;2.90;;
26656;SDS011;14279;50.010;8.260;2020-08-27T18:59:03;7.10;;;3.10;;
26656;SDS011;14279;50.010;8.260;2020-08-27T19:01:35;13.00;;;3.07;;
26656;SDS011;14279;50.010;8.260;2020-08-27T19:04:03;9.53;;;3.33;;
26656;SDS011;14279;50.010;8.260;2020-08-27T19:06:33;13.87;;;3.80;;
26656;SDS011;14279;50.010;8.260;2020-08-27T19:09:06;9.90;;;3.50;;
26656;SDS011;14279;50.010;8.260;2020-08-27T19:11:35;14.03;;;3.47;;
26656;SDS011;14279;50.010;8.260;2020-08-27T19:14:06;9.90;;;2.97;;
26656;SDS011;14279;50.010;8.260;2020-08-27T19:19:37;15.37;;;3.40;;
26656;SDS011;14279;50.010;8.260;2020-08-27T19:22:24;9.30;;;3.10;;
26656;SDS011;14279;50.010;8.260;2020-08-27T19:24:55;11.50;;;2.63;;
26656;SDS011;14279;50.010;8.260;2020-08-27T19:29:57;12.10;;;2.60;;
26656;SDS011;14279;50.010;8.260;2020-08-27T19:32:32;17.83;;;3.30;;
26656;SDS011;14279;50.010;8.260;2020-08-27T19:35:01;9.83;;;2.93;;
26656;SDS011;14279;50.010;8.260;2020-08-27T19:37:32;7.90;;;3.10;;
26656;SDS011;14279;50.010;8.260;2020-08-27T19:40:10;10.77;;;2.70;;
26656;SDS011;14279;50.010;8.260;2020-08-27T19:42:40;8.07;;;2.77;;
26656;SDS011;14279;50.010;8.260;2020-08-27T19:45:16;15.93;;;3.50;;
26656;SDS011;14279;50.010;8.260;2020-08-27T19:47:46;9.40;;;2.63;;
26656;SDS011;14279;50.010;8.260;2020-08-27T19:50:20;10.23;;;3.00;;
26656;SDS011;14279;50.010;8.260;2020-08-27T19:52:54;7.63;;;3.03;;
26656;SDS011;14279;50.010;8.260;2020-08-27T19:55:24;16.13;;;3.10;;
26656;SDS011;14279;50.010;8.260;2020-08-27T19:57:58;9.23;;;2.93;;
26656;SDS011;14279;50.010;8.260;2020-08-27T20:00:37;8.73;;;2.80;;
26656;SDS011;14279;50.010;8.260;2020-08-27T20:03:19;12.97;;;3.30;;
26656;SDS011;14279;50.010;8.260;2020-08-27T20:05:50;10.70;;;2.80;;
26656;SDS011;14279;50.010;8.260;2020-08-27T20:08:21;9.40;;;3.03;;
26656;SDS011;14279;50.010;8.260;2020-08-27T20:10:52;6.47;;;2.60;;
26656;SDS011;14279;50.010;8.260;2020-08-27T20:13:26;8.43;;;3.10;;
26656;SDS011;14279;50.010;8.260;2020-08-27T20:16:09;10.30;;;2.97;;
26656;SDS011;14279;50.010;8.260;2020-08-27T20:18:59;9.87;;;2.70;;
26656;SDS011;14279;50.010;8.260;2020-08-27T20:21:35;8.50;;;2.50;;
26656;SDS011;14279;50.010;8.260;2020-08-27T20:24:13;6.37;;;2.40;;
26656;SDS011;14279;50.010;8.260;2020-08-27T20:26:58;12.60;;;3.07;;
26656;SDS011;14279;50.010;8.260;2020-08-27T20:29:29;13.97;;;3.00;;
26656;SDS011;14279;50.010;8.260;2020-08-27T20:32:01;7.73;;;2.73;;
26656;SDS011;14279;50.010;8.260;2020-08-27T20:34:38;9.97;;;3.00;;
26656;SDS011;14279;50.010;8.260;2020-08-27T20:37:33;8.30;;;2.90;;
26656;SDS011;14279;50.010;8.260;2020-08-27T20:40:06;23.80;;;3.57;;
26656;SDS011;14279;50.010;8.260;2020-08-27T20:42:52;10.50;;;2.77;;
26656;SDS011;14279;50.010;8.260;2020-08-27T20:45:21;13.80;;;3.33;;
26656;SDS011;14279;50.010;8.260;2020-08-27T20:47:49;8.47;;;2.53;;
26656;SDS011;14279;50.010;8.260;2020-08-27T20:50:21;9.77;;;2.60;;
26656;SDS011;14279;50.010;8.260;2020-08-27T20:52:52;9.20;;;2.80;;
26656;SDS011;14279;50.010;8.260;2020-08-27T20:55:21;14.03;;;2.93;;
26656;SDS011;14279;50.010;8.260;2020-08-27T20:57:51;7.20;;;2.20;;
26656;SDS011;14279;50.010;8.260;2020-08-27T21:00:21;9.70;;;3.33;;
26656;SDS011;14279;50.010;8.260;2020-08-27T21:02:51;11.17;;;2.37;;
26656;SDS011;14279;50.010;8.260;2020-08-27T21:05:34;14.47;;;2.90;;
26656;SDS011;14279;50.010;8.260;2020-08-27T21:08:06;6.80;;;2.77;;
26656;SDS011;14279;50.010;8.260;2020-08-27T21:10:43;11.93;;;2.77;;
26656;SDS011;14279;50.010;8.260;2020-08-27T21:13:16;8.83;;;2.60;;
26656;SDS011;14279;50.010;8.260;2020-08-27T21:15:46;11.10;;;2.47;;
26656;SDS011;14279;50.010;8.260;2020-08-27T21:18:13;12.00;;;3.00;;
26656;SDS011;14279;50.010;8.260;2020-08-27T21:20:46;9.97;;;3.00;;
26656;SDS011;14279;50.010;8.260;2020-08-27T21:23:17;6.77;;;2.90;;
26656;SDS011;14279;50.010;8.260;2020-08-27T21:25:48;9.03;;;3.03;;
26656;SDS011;14279;50.010;8.260;2020-08-27T21:28:19;14.90;;;2.57;;
26656;SDS011;14279;50.010;8.260;2020-08-27T21:30:49;9.70;;;3.33;;
26656;SDS011;14279;50.010;8.260;2020-08-27T21:33:23;24.63;;;3.30;;
26656;SDS011;14279;50.010;8.260;2020-08-27T21:35:52;8.27;;;2.30;;
26656;SDS011;14279;50.010;8.260;2020-08-27T21:38:26;7.90;;;2.73;;
26656;SDS011;14279;50.010;8.260;2020-08-27T21:41:06;13.67;;;3.40;;
26656;SDS011;14279;50.010;8.260;2020-08-27T21:43:36;10.17;;;2.40;;
26656;SDS011;14279;50.010;8.260;2020-08-27T21:46:09;6.33;;;3.00;;
26656;SDS011;14279;50.010;8.260;2020-08-27T21:48:45;6.47;;;2.80;;
26656;SDS011;14279;50.010;8.260;2020-08-27T21:51:19;6.33;;;2.80;;
26656;SDS011;14279;50.010;8.260;2020-08-27T21:56:38;11.97;;;2.67;;
26656;SDS011;14279;50.010;8.260;2020-08-27T21:59:11;9.20;;;2.33;;
26656;SDS011;14279;50.010;8.260;2020-08-27T22:01:41;11.43;;;2.87;;
26656;SDS011;14279;50.010;8.260;2020-08-27T22:04:12;7.90;;;3.03;;
26656;SDS011;14279;50.010;8.260;2020-08-27T22:14:37;8.50;;;2.90;;
26656;SDS011;14279;50.010;8.260;2020-08-27T22:17:35;8.47;;;2.57;;
26656;SDS011;14279;50.010;8.260;2020-08-27T22:20:18;12.43;;;2.73;;
26656;SDS011;14279;50.010;8.260;2020-08-27T22:23:11;12.23;;;3.60;;
26656;SDS011;14279;50.010;8.260;2020-08-27T22:26:03;9.63;;;2.87;;
26656;SDS011;14279;50.010;8.260;2020-08-27T22:33:40;10.13;;;2.23;;
26656;SDS011;14279;50.010;8.260;2020-08-27T22:36:18;9.83;;;3.00;;
26656;SDS011;14279;50.010;8.260;2020-08-27T22:38:55;12.27;;;3.20;;
26656;SDS011;14279;50.010;8.260;2020-08-27T22:41:42;13.23;;;3.50;;
26656;SDS011;14279;50.010;8.260;2020-08-27T22:44:13;8.10;;;2.93;;
26656;SDS011;14279;50.010;8.260;2020-08-27T22:47:08;8.20;;;2.43;;
26656;SDS011;14279;50.010;8.260;2020-08-27T22:50:02;5.60;;;2.50;;
26656;SDS011;14279;50.010;8.260;2020-08-27T22:52:39;8.87;;;2.70;;
26656;SDS011;14279;50.010;8.260;2020-08-27T22:55:13;15.13;;;3.30;;
26656;SDS011;14279;50.010;8.260;2020-08-27T22:58:16;11.23;;;2.80;;
26656;SDS011;14279;50.010;8.260;2020-08-27T23:00:51;24.43;;;3.10;;
26656;SDS011;14279;50.010;8.260;2020-08-27T23:03:22;7.00;;;2.50;;
26656;SDS011;14279;50.010;8.260;2020-08-27T23:06:04;12.60;;;2.53;;
26656;SDS011;14279;50.010;8.260;2020-08-27T23:08:40;15.50;;;3.10;;
26656;SDS011;14279;50.010;8.260;2020-08-27T23:11:22;10.77;;;2.67;;
26656;SDS011;14279;50.010;8.260;2020-08-27T23:13:54;11.87;;;2.73;;
26656;SDS011;14279;50.010;8.260;2020-08-27T23:16:31;7.43;;;2.30;;
26656;SDS011;14279;50.010;8.260;2020-08-27T23:19:20;4.03;;;2.07;;
26656;SDS011;14279;50.010;8.260;2020-08-27T23:21:58;16.07;;;2.50;;
26656;SDS011;14279;50.010;8.260;2020-08-27T23:24:45;7.37;;;2.73;;
26656;SDS011;14279;50.010;8.260;2020-08-27T23:27:17;16.63;;;2.43;;
26656;SDS011;14279;50.010;8.260;2020-08-27T23:30:01;12.10;;;2.70;;
26656;SDS011;14279;50.010;8.260;2020-08-27T23:32:33;10.17;;;2.70;;
26656;SDS011;14279;50.010;8.260;2020-08-27T23:35:06;8.60;;;2.37;;
26656;SDS011;14279;50.010;8.260;2020-08-27T23:37:40;9.03;;;2.50;;
26656;SDS011;14279;50.010;8.260;2020-08-27T23:40:19;11.43;;;2.83;;
26656;SDS011;14279;50.010;8.260;2020-08-27T23:43:00;13.97;;;2.87;;
26656;SDS011;14279;50.010;8.260;2020-08-27T23:45:32;11.23;;;3.00;;
26656;SDS011;14279;50.010;8.260;2020-08-27T23:48:02;12.10;;;2.70;;
26656;SDS011;14279;50.010;8.260;2020-08-27T23:50:33;13.23;;;2.90;;
26656;SDS011;14279;50.010;8.260;2020-08-27T23:53:09;11.53;;;2.83;;
26656;SDS011;14279;50.010;8.260;2020-08-27T23:55:49;12.63;;;2.70;;
26656;SDS011;14279;50.010;8.260;2020-08-27T23:58:28;13.93;;;3.30;;
