sensor_id;sensor_type;location;lat;lon;timestamp;P1;durP1;ratioP1;P2;durP2;ratioP2
10701;SDS011;5402;50.004;8.246;2022-12-28T00:01:10;6.80;;;4.40;;
10701;SDS011;5402;50.004;8.246;2022-12-28T00:03:39;6.97;;;4.20;;
10701;SDS011;5402;50.004;8.246;2022-12-28T00:06:09;7.90;;;4.90;;
10701;SDS011;5402;50.004;8.246;2022-12-28T00:08:37;8.03;;;4.07;;
10701;SDS011;5402;50.004;8.246;2022-12-28T00:11:05;5.63;;;3.87;;
10701;SDS011;5402;50.004;8.246;2022-12-28T00:13:34;6.53;;;4.00;;
10701;SDS011;5402;50.004;8.246;2022-12-28T00:16:04;8.30;;;3.80;;
10701;SDS011;5402;50.004;8.246;2022-12-28T00:18:32;10.57;;;4.40;;
10701;SDS011;5402;50.004;8.246;2022-12-28T00:21:00;7.70;;;3.63;;
10701;SDS011;5402;50.004;8.246;2022-12-28T00:23:28;6.67;;;4.17;;
10701;SDS011;5402;50.004;8.246;2022-12-28T00:26:03;5.77;;;4.03;;
10701;SDS011;5402;50.004;8.246;2022-12-28T00:28:31;6.43;;;3.60;;
10701;SDS011;5402;50.004;8.246;2022-12-28T00:30:57;7.97;;;3.80;;
10701;SDS011;5402;50.004;8.246;2022-12-28T00:33:24;6.40;;;3.90;;
10701;SDS011;5402;50.004;8.246;2022-12-28T00:35:52;8.37;;;3.93;;
10701;SDS011;5402;50.004;8.246;2022-12-28T00:38:19;5.23;;;3.77;;
10701;SDS011;5402;50.004;8.246;2022-12-28T00:40:47;5.73;;;3.53;;
10701;SDS011;5402;50.004;8.246;2022-12-28T00:43:14;6.47;;;3.50;;
10701;SDS011;5402;50.004;8.246;2022-12-28T00:45:42;6.13;;;3.80;;
10701;SDS011;5402;50.004;8.246;2022-12-28T00:48:10;6.93;;;3.80;;
10701;SDS011;5402;50.004;8.246;2022-12-28T00:50:37;6.37;;;4.03;;
10701;SDS011;5402;50.004;8.246;2022-12-28T00:53:04;6.00;;;3.80;;
10701;SDS011;5402;50.004;8.246;2022-12-28T00:55:31;9.87;;;4.00;;
10701;SDS011;5402;50.004;8.246;2022-12-28T00:58:13;6.20;;;3.80;;
10701;SDS011;5402;50.004;8.246;2022-12-28T01:00:40;5.07;;;3.40;;
10701;SDS011;5402;50.004;8.246;2022-12-28T01:03:06;7.83;;;3.80;;
10701;SDS011;5402;50.004;8.246;2022-12-28T01:05:33;6.03;;;4.00;;
10701;SDS011;5402;50.004;8.246;2022-12-28T01:08:03;6.13;;;3.73;;
10701;SDS011;5402;50.004;8.246;2022-12-28T01:10:30;6.60;;;3.33;;
10701;SDS011;5402;50.004;8.246;2022-12-28T01:13:04;8.37;;;3.90;;
10701;SDS011;5402;50.004;8.246;2022-12-28T01:15:31;7.53;;;4.33;;
10701;SDS011;5402;50.004;8.246;2022-12-28T01:17:58;8.67;;;4.03;;
10701;SDS011;5402;50.004;8.246;2022-12-28T01:20:25;8.60;;;3.93;;
10701;SDS011;5402;50.004;8.246;2022-12-28T01:22:52;7.53;;;4.63;;
10701;SDS011;5402;50.004;8.246;2022-12-28T01:25:19;5.23;;;3.90;;
10701;SDS011;5402;50.004;8.246;2022-12-28T01:27:45;8.53;;;4.00;;
10701;SDS011;5402;50.004;8.246;2022-12-28T01:30:14;7.63;;;4.50;;
10701;SDS011;5402;50.004;8.246;2022-12-28T01:32:41;5.80;;;4.10;;
10701;SDS011;5402;50.004;8.246;2022-12-28T01:35:08;6.93;;;4.00;;
10701;SDS011;5402;50.004;8.246;2022-12-28T01:37:35;5.67;;;3.73;;
10701;SDS011;5402;50.004;8.246;2022-12-28T01:40:01;6.13;;;4.13;;
10701;SDS011;5402;50.004;8.246;2022-12-28T01:42:29;7.90;;;4.07;;
10701;SDS011;5402;50.004;8.246;2022-12-28T01:44:56;9.80;;;4.40;;
10701;SDS011;5402;50.004;8.246;2022-12-28T01:47:24;7.00;;;3.83;;
10701;SDS011;5402;50.004;8.246;2022-12-28T01:49:56;7.37;;;4.03;;
10701;SDS011;5402;50.004;8.246;2022-12-28T01:52:27;6.17;;;4.20;;
10701;SDS011;5402;50.004;8.246;2022-12-28T01:54:59;7.80;;;4.63;;
10701;SDS011;5402;50.004;8.246;2022-12-28T01:57:38;6.70;;;4.73;;
10701;SDS011;5402;50.004;8.246;2022-12-28T02:00:09;7.43;;;4.70;;
10701;SDS011;5402;50.004;8.246;2022-12-28T02:02:41;6.90;;;4.37;;
10701;SDS011;5402;50.004;8.246;2022-12-28T02:05:11;10.57;;;4.50;;
10701;SDS011;5402;50.004;8.246;2022-12-28T02:07:40;7.90;;;5.10;;
10701;SDS011;5402;50.004;8.246;2022-12-28T02:10:11;8.17;;;4.83;;
10701;SDS011;5402;50.004;8.246;2022-12-28T02:12:41;8.27;;;5.00;;
10701;SDS011;5402;50.004;8.246;2022-12-28T02:15:09;8.00;;;5.07;;
10701;SDS011;5402;50.004;8.246;2022-12-28T02:17:36;8.83;;;5.17;;
10701;SDS011;5402;50.004;8.246;2022-12-28T02:20:06;8.30;;;4.60;;
10701;SDS011;5402;50.004;8.246;2022-12-28T02:22:43;11.13;;;4.90;;
10701;SDS011;5402;50.004;8.246;2022-12-28T02:25:43;6.47;;;5.00;;
10701;SDS011;5402;50.004;8.246;2022-12-28T02:31:42;7.83;;;4.37;;
10701;SDS011;5402;50.004;8.246;2022-12-28T02:34:21;11.03;;;5.20;;
10701;SDS011;5402;50.004;8.246;2022-12-28T02:36:53;8.63;;;5.13;;
10701;SDS011;5402;50.004;8.246;2022-12-28T02:39:33;6.61;;;4.01;;
10701;SDS011;5402;50.004;8.246;2022-12-28T02:42:04;6.50;;;4.75;;
10701;SDS011;5402;50.004;8.246;2022-12-28T02:44:48;12.10;;;5.50;;
10701;SDS011;5402;50.004;8.246;2022-12-28T02:47:43;7.43;;;4.70;;
10701;SDS011;5402;50.004;8.246;2022-12-28T02:50:31;8.02;;;5.50;;
10701;SDS011;5402;50.004;8.246;2022-12-28T02:53:08;8.53;;;4.93;;
10701;SDS011;5402;50.004;8.246;2022-12-28T02:55:56;7.43;;;5.17;;
10701;SDS011;5402;50.004;8.246;2022-12-28T03:01:54;9.77;;;5.40;;
10701;SDS011;5402;50.004;8.246;2022-12-28T03:04:50;9.37;;;5.60;;
10701;SDS011;5402;50.004;8.246;2022-12-28T03:07:27;8.30;;;5.37;;
10701;SDS011;5402;50.004;8.246;2022-12-28T03:10:16;10.00;;;5.73;;
10701;SDS011;5402;50.004;8.246;2022-12-28T03:12:49;8.73;;;5.63;;
10701;SDS011;5402;50.004;8.246;2022-12-28T03:15:23;7.10;;;5.23;;
10701;SDS011;5402;50.004;8.246;2022-12-28T03:17:55;7.23;;;5.43;;
10701;SDS011;5402;50.004;8.246;2022-12-28T03:20:45;8.50;;;5.73;;
10701;SDS011;5402;50.004;8.246;2022-12-28T03:23:31;7.60;;;5.53;;
10701;SDS011;5402;50.004;8.246;2022-12-28T03:26:17;7.77;;;5.63;;
10701;SDS011;5402;50.004;8.246;2022-12-28T03:29:06;8.73;;;5.30;;
10701;SDS011;5402;50.004;8.246;2022-12-28T03:31:52;7.83;;;5.47;;
10701;SDS011;5402;50.004;8.246;2022-12-28T03:34:20;8.87;;;5.87;;
10701;SDS011;5402;50.004;8.246;2022-12-28T03:36:51;9.37;;;6.33;;
10701;SDS011;5402;50.004;8.246;2022-12-28T03:39:23;8.63;;;6.20;;
10701;SDS011;5402;50.004;8.246;2022-12-28T03:41:59;9.20;;;5.90;;
10701;SDS011;5402;50.004;8.246;2022-12-28T03:44:53;10.40;;;5.83;;
10701;SDS011;5402;50.004;8.246;2022-12-28T03:47:30;10.00;;;6.33;;
10701;SDS011;5402;50.004;8.246;2022-12-28T03:50:00;8.80;;;6.27;;
10701;SDS011;5402;50.004;8.246;2022-12-28T03:52:29;10.30;;;5.80;;
10701;SDS011;5402;50.004;8.246;2022-12-28T03:54:57;8.40;;;5.47;;
10701;SDS011;5402;50.004;8.246;2022-12-28T03:57:24;9.13;;;6.30;;
10701;SDS011;5402;50.004;8.246;2022-12-28T03:59:52;8.67;;;5.67;;
10701;SDS011;5402;50.004;8.246;2022-12-28T04:02:18;8.73;;;6.00;;
10701;SDS011;5402;50.004;8.246;2022-12-28T04:04:45;8.93;;;5.97;;
10701;SDS011;5402;50.004;8.246;2022-12-28T04:07:12;8.93;;;6.10;;
10701;SDS011;5402;50.004;8.246;2022-12-28T04:09:40;6.83;;;5.30;;
10701;SDS011;5402;50.004;8.246;2022-12-28T04:12:07;10.37;;;6.00;;
10701;SDS011;5402;50.004;8.246;2022-12-28T04:14:33;8.83;;;6.00;;
10701;SDS011;5402;50.004;8.246;2022-12-28T04:17:00;9.13;;;5.70;;
10701;SDS011;5402;50.004;8.246;2022-12-28T04:19:27;8.50;;;5.73;;
10701;SDS011;5402;50.004;8.246;2022-12-28T04:21:54;9.40;;;5.83;;
10701;SDS011;5402;50.004;8.246;2022-12-28T04:24:21;9.07;;;6.17;;
10701;SDS011;5402;50.004;8.246;2022-12-28T04:26:49;7.93;;;5.43;;
10701;SDS011;5402;50.004;8.246;2022-12-28T04:29:16;7.13;;;5.40;;
10701;SDS011;5402;50.004;8.246;2022-12-28T04:31:42;7.67;;;5.80;;
10701;SDS011;5402;50.004;8.246;2022-12-28T04:34:09;9.53;;;5.73;;
10701;SDS011;5402;50.004;8.246;2022-12-28T04:36:36;9.10;;;5.63;;
10701;SDS011;5402;50.004;8.246;2022-12-28T04:39:04;8.80;;;5.30;;
10701;SDS011;5402;50.004;8.246;2022-12-28T04:41:31;9.33;;;5.60;;
10701;SDS011;5402;50.004;8.246;2022-12-28T04:44:00;7.80;;;5.03;;
10701;SDS011;5402;50.004;8.246;2022-12-28T04:46:27;5.33;;;4.70;;
10701;SDS011;5402;50.004;8.246;2022-12-28T04:48:54;6.73;;;5.40;;
10701;SDS011;5402;50.004;8.246;2022-12-28T04:51:21;10.33;;;5.30;;
10701;SDS011;5402;50.004;8.246;2022-12-28T04:53:49;10.17;;;5.50;;
10701;SDS011;5402;50.004;8.246;2022-12-28T04:56:18;6.97;;;5.03;;
10701;SDS011;5402;50.004;8.246;2022-12-28T04:58:45;6.67;;;5.00;;
10701;SDS011;5402;50.004;8.246;2022-12-28T05:01:14;8.87;;;5.40;;
10701;SDS011;5402;50.004;8.246;2022-12-28T05:03:43;7.43;;;5.10;;
10701;SDS011;5402;50.004;8.246;2022-12-28T05:06:12;8.90;;;5.40;;
10701;SDS011;5402;50.004;8.246;2022-12-28T05:08:41;10.13;;;5.97;;
10701;SDS011;5402;50.004;8.246;2022-12-28T05:11:10;7.50;;;6.20;;
10701;SDS011;5402;50.004;8.246;2022-12-28T05:13:39;8.50;;;6.10;;
10701;SDS011;5402;50.004;8.246;2022-12-28T05:16:07;10.40;;;6.37;;
10701;SDS011;5402;50.004;8.246;2022-12-28T05:18:36;8.00;;;5.73;;
10701;SDS011;5402;50.004;8.246;2022-12-28T05:21:04;7.73;;;5.73;;
10701;SDS011;5402;50.004;8.246;2022-12-28T05:23:33;8.07;;;5.90;;
10701;SDS011;5402;50.004;8.246;2022-12-28T05:26:01;10.07;;;6.10;;
10701;SDS011;5402;50.004;8.246;2022-12-28T05:28:29;9.57;;;6.27;;
10701;SDS011;5402;50.004;8.246;2022-12-28T05:30:57;8.60;;;5.90;;
10701;SDS011;5402;50.004;8.246;2022-12-28T05:33:24;7.97;;;6.30;;
10701;SDS011;5402;50.004;8.246;2022-12-28T05:35:53;9.43;;;6.03;;
10701;SDS011;5402;50.004;8.246;2022-12-28T05:38:19;7.67;;;5.80;;
10701;SDS011;5402;50.004;8.246;2022-12-28T05:40:46;10.90;;;6.10;;
10701;SDS011;5402;50.004;8.246;2022-12-28T05:43:13;11.03;;;6.23;;
10701;SDS011;5402;50.004;8.246;2022-12-28T05:45:40;8.50;;;6.17;;
10701;SDS011;5402;50.004;8.246;2022-12-28T05:48:06;11.80;;;6.03;;
10701;SDS011;5402;50.004;8.246;2022-12-28T05:50:33;10.27;;;5.87;;
10701;SDS011;5402;50.004;8.246;2022-12-28T05:53:02;8.40;;;5.97;;
10701;SDS011;5402;50.004;8.246;2022-12-28T05:55:28;8.50;;;6.03;;
10701;SDS011;5402;50.004;8.246;2022-12-28T05:57:55;10.30;;;6.50;;
10701;SDS011;5402;50.004;8.246;2022-12-28T06:00:22;9.83;;;6.27;;
10701;SDS011;5402;50.004;8.246;2022-12-28T06:02:49;12.53;;;6.93;;
10701;SDS011;5402;50.004;8.246;2022-12-28T06:05:16;7.57;;;5.80;;
10701;SDS011;5402;50.004;8.246;2022-12-28T06:07:43;10.27;;;6.33;;
10701;SDS011;5402;50.004;8.246;2022-12-28T06:10:11;13.23;;;6.00;;
10701;SDS011;5402;50.004;8.246;2022-12-28T06:12:38;8.23;;;5.60;;
10701;SDS011;5402;50.004;8.246;2022-12-28T06:15:05;8.63;;;5.83;;
10701;SDS011;5402;50.004;8.246;2022-12-28T06:17:32;10.67;;;6.53;;
10701;SDS011;5402;50.004;8.246;2022-12-28T06:19:59;11.17;;;6.20;;
10701;SDS011;5402;50.004;8.246;2022-12-28T06:22:27;7.63;;;5.50;;
10701;SDS011;5402;50.004;8.246;2022-12-28T06:24:54;10.67;;;6.03;;
10701;SDS011;5402;50.004;8.246;2022-12-28T06:27:22;7.93;;;6.37;;
10701;SDS011;5402;50.004;8.246;2022-12-28T06:29:51;7.40;;;5.63;;
10701;SDS011;5402;50.004;8.246;2022-12-28T06:32:19;10.20;;;6.70;;
10701;SDS011;5402;50.004;8.246;2022-12-28T06:34:45;9.07;;;6.33;;
10701;SDS011;5402;50.004;8.246;2022-12-28T06:37:12;11.67;;;5.97;;
10701;SDS011;5402;50.004;8.246;2022-12-28T06:39:39;8.57;;;6.30;;
10701;SDS011;5402;50.004;8.246;2022-12-28T06:42:05;8.97;;;6.23;;
10701;SDS011;5402;50.004;8.246;2022-12-28T06:44:34;13.03;;;6.43;;
10701;SDS011;5402;50.004;8.246;2022-12-28T06:47:02;11.90;;;5.83;;
10701;SDS011;5402;50.004;8.246;2022-12-28T06:49:29;11.27;;;6.33;;
10701;SDS011;5402;50.004;8.246;2022-12-28T06:51:56;10.30;;;5.77;;
10701;SDS011;5402;50.004;8.246;2022-12-28T06:54:23;7.33;;;4.73;;
10701;SDS011;5402;50.004;8.246;2022-12-28T06:56:50;6.13;;;4.50;;
10701;SDS011;5402;50.004;8.246;2022-12-28T06:59:17;7.80;;;4.97;;
10701;SDS011;5402;50.004;8.246;2022-12-28T07:01:45;7.37;;;5.50;;
10701;SDS011;5402;50.004;8.246;2022-12-28T07:04:14;9.73;;;5.57;;
10701;SDS011;5402;50.004;8.246;2022-12-28T07:06:41;8.33;;;5.87;;
10701;SDS011;5402;50.004;8.246;2022-12-28T07:09:10;7.03;;;5.03;;
10701;SDS011;5402;50.004;8.246;2022-12-28T07:11:38;7.57;;;5.37;;
10701;SDS011;5402;50.004;8.246;2022-12-28T07:14:06;7.80;;;3.97;;
10701;SDS011;5402;50.004;8.246;2022-12-28T07:16:34;4.90;;;3.77;;
10701;SDS011;5402;50.004;8.246;2022-12-28T07:19:02;6.10;;;3.57;;
10701;SDS011;5402;50.004;8.246;2022-12-28T07:21:30;5.30;;;3.60;;
10701;SDS011;5402;50.004;8.246;2022-12-28T07:23:57;3.77;;;2.67;;
10701;SDS011;5402;50.004;8.246;2022-12-28T07:26:25;4.67;;;2.90;;
10701;SDS011;5402;50.004;8.246;2022-12-28T07:28:54;3.97;;;3.07;;
10701;SDS011;5402;50.004;8.246;2022-12-28T07:31:23;3.83;;;2.63;;
10701;SDS011;5402;50.004;8.246;2022-12-28T07:33:52;6.63;;;3.17;;
10701;SDS011;5402;50.004;8.246;2022-12-28T07:36:23;3.87;;;2.87;;
10701;SDS011;5402;50.004;8.246;2022-12-28T07:38:51;3.93;;;2.97;;
10701;SDS011;5402;50.004;8.246;2022-12-28T07:41:19;4.10;;;2.90;;
10701;SDS011;5402;50.004;8.246;2022-12-28T07:43:57;4.77;;;2.90;;
10701;SDS011;5402;50.004;8.246;2022-12-28T07:46:25;2.77;;;2.33;;
10701;SDS011;5402;50.004;8.246;2022-12-28T07:48:54;6.40;;;2.87;;
10701;SDS011;5402;50.004;8.246;2022-12-28T07:51:24;6.17;;;2.73;;
10701;SDS011;5402;50.004;8.246;2022-12-28T07:53:52;4.97;;;2.77;;
10701;SDS011;5402;50.004;8.246;2022-12-28T07:56:20;4.73;;;2.50;;
10701;SDS011;5402;50.004;8.246;2022-12-28T07:58:48;5.30;;;2.87;;
10701;SDS011;5402;50.004;8.246;2022-12-28T08:01:25;3.30;;;2.60;;
10701;SDS011;5402;50.004;8.246;2022-12-28T08:03:56;2.40;;;2.17;;
10701;SDS011;5402;50.004;8.246;2022-12-28T08:06:25;3.60;;;2.47;;
10701;SDS011;5402;50.004;8.246;2022-12-28T08:08:53;4.67;;;2.77;;
10701;SDS011;5402;50.004;8.246;2022-12-28T08:11:41;4.70;;;2.57;;
10701;SDS011;5402;50.004;8.246;2022-12-28T08:14:09;3.40;;;2.17;;
10701;SDS011;5402;50.004;8.246;2022-12-28T08:16:39;3.97;;;2.17;;
10701;SDS011;5402;50.004;8.246;2022-12-28T08:19:07;4.00;;;2.30;;
10701;SDS011;5402;50.004;8.246;2022-12-28T08:21:37;3.30;;;2.10;;
10701;SDS011;5402;50.004;8.246;2022-12-28T08:24:11;3.23;;;2.43;;
10701;SDS011;5402;50.004;8.246;2022-12-28T08:26:46;1.83;;;1.63;;
10701;SDS011;5402;50.004;8.246;2022-12-28T08:29:14;4.87;;;2.03;;
10701;SDS011;5402;50.004;8.246;2022-12-28T08:31:43;3.27;;;2.27;;
10701;SDS011;5402;50.004;8.246;2022-12-28T08:34:11;2.93;;;2.10;;
10701;SDS011;5402;50.004;8.246;2022-12-28T08:36:42;3.00;;;1.93;;
10701;SDS011;5402;50.004;8.246;2022-12-28T08:39:09;4.20;;;2.63;;
10701;SDS011;5402;50.004;8.246;2022-12-28T08:41:36;3.13;;;2.20;;
10701;SDS011;5402;50.004;8.246;2022-12-28T08:44:05;3.63;;;2.20;;
10701;SDS011;5402;50.004;8.246;2022-12-28T08:46:32;2.50;;;2.10;;
10701;SDS011;5402;50.004;8.246;2022-12-28T08:49:00;3.27;;;2.10;;
10701;SDS011;5402;50.004;8.246;2022-12-28T08:51:32;3.77;;;2.03;;
10701;SDS011;5402;50.004;8.246;2022-12-28T08:54:01;2.47;;;1.90;;
10701;SDS011;5402;50.004;8.246;2022-12-28T08:56:30;5.10;;;2.33;;
10701;SDS011;5402;50.004;8.246;2022-12-28T08:58:58;2.23;;;2.00;;
10701;SDS011;5402;50.004;8.246;2022-12-28T09:01:25;3.83;;;2.30;;
10701;SDS011;5402;50.004;8.246;2022-12-28T09:03:54;2.30;;;1.80;;
10701;SDS011;5402;50.004;8.246;2022-12-28T09:06:23;3.93;;;1.70;;
10701;SDS011;5402;50.004;8.246;2022-12-28T09:08:52;3.70;;;2.20;;
10701;SDS011;5402;50.004;8.246;2022-12-28T09:11:22;4.57;;;2.10;;
10701;SDS011;5402;50.004;8.246;2022-12-28T09:13:49;4.33;;;1.90;;
10701;SDS011;5402;50.004;8.246;2022-12-28T09:16:17;5.63;;;2.20;;
10701;SDS011;5402;50.004;8.246;2022-12-28T09:18:51;2.13;;;1.90;;
10701;SDS011;5402;50.004;8.246;2022-12-28T09:21:19;3.63;;;1.90;;
10701;SDS011;5402;50.004;8.246;2022-12-28T09:23:47;3.43;;;2.27;;
10701;SDS011;5402;50.004;8.246;2022-12-28T09:26:14;3.50;;;2.10;;
10701;SDS011;5402;50.004;8.246;2022-12-28T09:28:44;2.93;;;1.90;;
10701;SDS011;5402;50.004;8.246;2022-12-28T09:31:12;2.67;;;1.67;;
10701;SDS011;5402;50.004;8.246;2022-12-28T09:33:38;2.73;;;1.70;;
10701;SDS011;5402;50.004;8.246;2022-12-28T09:36:23;3.67;;;2.20;;
10701;SDS011;5402;50.004;8.246;2022-12-28T09:39:06;3.53;;;2.27;;
10701;SDS011;5402;50.004;8.246;2022-12-28T09:41:35;2.57;;;2.10;;
10701;SDS011;5402;50.004;8.246;2022-12-28T09:44:31;4.63;;;2.20;;
10701;SDS011;5402;50.004;8.246;2022-12-28T09:47:12;3.97;;;1.83;;
10701;SDS011;5402;50.004;8.246;2022-12-28T09:49:51;2.83;;;2.10;;
10701;SDS011;5402;50.004;8.246;2022-12-28T09:52:45;2.20;;;1.77;;
10701;SDS011;5402;50.004;8.246;2022-12-28T09:55:17;2.23;;;1.90;;
10701;SDS011;5402;50.004;8.246;2022-12-28T09:57:46;2.93;;;1.90;;
10701;SDS011;5402;50.004;8.246;2022-12-28T10:00:18;5.57;;;2.00;;
10701;SDS011;5402;50.004;8.246;2022-12-28T10:02:49;2.50;;;1.83;;
10701;SDS011;5402;50.004;8.246;2022-12-28T10:05:19;1.80;;;1.70;;
10701;SDS011;5402;50.004;8.246;2022-12-28T10:07:50;8.47;;;2.10;;
10701;SDS011;5402;50.004;8.246;2022-12-28T10:10:20;4.03;;;1.80;;
10701;SDS011;5402;50.004;8.246;2022-12-28T10:12:48;2.97;;;1.80;;
10701;SDS011;5402;50.004;8.246;2022-12-28T10:15:17;2.90;;;1.90;;
10701;SDS011;5402;50.004;8.246;2022-12-28T10:17:47;3.40;;;2.17;;
10701;SDS011;5402;50.004;8.246;2022-12-28T10:20:14;4.37;;;1.77;;
10701;SDS011;5402;50.004;8.246;2022-12-28T10:22:44;3.20;;;1.70;;
10701;SDS011;5402;50.004;8.246;2022-12-28T10:25:20;3.70;;;1.80;;
10701;SDS011;5402;50.004;8.246;2022-12-28T10:27:48;2.93;;;1.60;;
10701;SDS011;5402;50.004;8.246;2022-12-28T10:30:16;3.53;;;1.70;;
10701;SDS011;5402;50.004;8.246;2022-12-28T10:32:49;2.53;;;2.10;;
10701;SDS011;5402;50.004;8.246;2022-12-28T10:35:23;5.67;;;1.83;;
10701;SDS011;5402;50.004;8.246;2022-12-28T10:37:55;3.70;;;2.30;;
10701;SDS011;5402;50.004;8.246;2022-12-28T10:40:27;2.37;;;1.93;;
10701;SDS011;5402;50.004;8.246;2022-12-28T10:42:57;3.87;;;2.10;;
10701;SDS011;5402;50.004;8.246;2022-12-28T10:45:30;5.47;;;1.90;;
10701;SDS011;5402;50.004;8.246;2022-12-28T10:48:00;2.47;;;1.77;;
10701;SDS011;5402;50.004;8.246;2022-12-28T10:50:38;2.47;;;1.60;;
10701;SDS011;5402;50.004;8.246;2022-12-28T10:53:27;3.93;;;1.70;;
10701;SDS011;5402;50.004;8.246;2022-12-28T10:56:06;2.70;;;1.67;;
10701;SDS011;5402;50.004;8.246;2022-12-28T10:58:46;3.53;;;1.80;;
10701;SDS011;5402;50.004;8.246;2022-12-28T11:01:17;2.90;;;1.80;;
10701;SDS011;5402;50.004;8.246;2022-12-28T11:03:57;3.23;;;2.00;;
10701;SDS011;5402;50.004;8.246;2022-12-28T11:06:27;6.03;;;1.70;;
10701;SDS011;5402;50.004;8.246;2022-12-28T11:09:05;4.47;;;1.90;;
10701;SDS011;5402;50.004;8.246;2022-12-28T11:11:43;4.47;;;1.83;;
10701;SDS011;5402;50.004;8.246;2022-12-28T11:14:14;2.10;;;1.80;;
10701;SDS011;5402;50.004;8.246;2022-12-28T11:16:45;2.83;;;1.67;;
10701;SDS011;5402;50.004;8.246;2022-12-28T11:19:13;5.97;;;2.00;;
10701;SDS011;5402;50.004;8.246;2022-12-28T11:21:41;6.40;;;2.03;;
10701;SDS011;5402;50.004;8.246;2022-12-28T11:24:10;2.77;;;1.60;;
10701;SDS011;5402;50.004;8.246;2022-12-28T11:26:42;3.77;;;1.90;;
10701;SDS011;5402;50.004;8.246;2022-12-28T11:29:11;3.83;;;2.10;;
10701;SDS011;5402;50.004;8.246;2022-12-28T11:31:43;4.60;;;2.40;;
10701;SDS011;5402;50.004;8.246;2022-12-28T11:34:18;3.30;;;1.70;;
10701;SDS011;5402;50.004;8.246;2022-12-28T11:36:48;1.93;;;1.60;;
10701;SDS011;5402;50.004;8.246;2022-12-28T11:39:32;3.10;;;1.87;;
10701;SDS011;5402;50.004;8.246;2022-12-28T11:42:08;3.47;;;1.90;;
10701;SDS011;5402;50.004;8.246;2022-12-28T11:44:51;2.33;;;1.90;;
10701;SDS011;5402;50.004;8.246;2022-12-28T11:53:19;4.43;;;2.10;;
10701;SDS011;5402;50.004;8.246;2022-12-28T11:55:49;3.20;;;1.60;;
10701;SDS011;5402;50.004;8.246;2022-12-28T11:58:42;1.93;;;1.70;;
10701;SDS011;5402;50.004;8.246;2022-12-28T12:01:11;5.30;;;1.90;;
10701;SDS011;5402;50.004;8.246;2022-12-28T12:07:21;2.30;;;1.80;;
10701;SDS011;5402;50.004;8.246;2022-12-28T12:12:59;1.70;;;1.60;;
10701;SDS011;5402;50.004;8.246;2022-12-28T12:15:33;2.67;;;1.80;;
10701;SDS011;5402;50.004;8.246;2022-12-28T12:18:15;2.53;;;1.93;;
10701;SDS011;5402;50.004;8.246;2022-12-28T12:20:50;2.83;;;1.90;;
10701;SDS011;5402;50.004;8.246;2022-12-28T12:23:27;4.17;;;1.60;;
10701;SDS011;5402;50.004;8.246;2022-12-28T12:25:58;1.90;;;1.80;;
10701;SDS011;5402;50.004;8.246;2022-12-28T12:28:42;3.30;;;1.80;;
10701;SDS011;5402;50.004;8.246;2022-12-28T12:31:22;3.17;;;1.77;;
10701;SDS011;5402;50.004;8.246;2022-12-28T12:33:55;4.73;;;1.50;;
10701;SDS011;5402;50.004;8.246;2022-12-28T12:36:34;4.17;;;1.67;;
10701;SDS011;5402;50.004;8.246;2022-12-28T12:39:32;3.57;;;1.73;;
10701;SDS011;5402;50.004;8.246;2022-12-28T12:42:24;1.90;;;1.57;;
10701;SDS011;5402;50.004;8.246;2022-12-28T12:44:59;3.87;;;1.97;;
10701;SDS011;5402;50.004;8.246;2022-12-28T12:50:56;2.10;;;1.60;;
10701;SDS011;5402;50.004;8.246;2022-12-28T12:56:36;3.20;;;1.60;;
10701;SDS011;5402;50.004;8.246;2022-12-28T12:59:14;2.60;;;1.47;;
10701;SDS011;5402;50.004;8.246;2022-12-28T13:02:21;1.90;;;1.60;;
10701;SDS011;5402;50.004;8.246;2022-12-28T13:05:00;2.10;;;1.50;;
10701;SDS011;5402;50.004;8.246;2022-12-28T13:07:30;3.30;;;1.30;;
10701;SDS011;5402;50.004;8.246;2022-12-28T13:09:58;2.57;;;1.30;;
10701;SDS011;5402;50.004;8.246;2022-12-28T13:12:27;2.33;;;1.60;;
10701;SDS011;5402;50.004;8.246;2022-12-28T13:14:56;2.70;;;1.40;;
10701;SDS011;5402;50.004;8.246;2022-12-28T13:17:25;1.60;;;1.50;;
10701;SDS011;5402;50.004;8.246;2022-12-28T13:20:05;3.80;;;1.70;;
10701;SDS011;5402;50.004;8.246;2022-12-28T13:22:35;2.23;;;1.50;;
10701;SDS011;5402;50.004;8.246;2022-12-28T13:25:01;3.73;;;1.90;;
10701;SDS011;5402;50.004;8.246;2022-12-28T13:27:30;3.10;;;1.70;;
10701;SDS011;5402;50.004;8.246;2022-12-28T13:30:00;3.90;;;1.57;;
10701;SDS011;5402;50.004;8.246;2022-12-28T13:32:30;2.83;;;2.20;;
10701;SDS011;5402;50.004;8.246;2022-12-28T13:35:00;3.87;;;1.70;;
10701;SDS011;5402;50.004;8.246;2022-12-28T13:37:30;1.77;;;1.53;;
10701;SDS011;5402;50.004;8.246;2022-12-28T13:40:16;1.70;;;1.60;;
10701;SDS011;5402;50.004;8.246;2022-12-28T13:42:45;2.93;;;1.60;;
10701;SDS011;5402;50.004;8.246;2022-12-28T13:45:21;4.00;;;1.70;;
10701;SDS011;5402;50.004;8.246;2022-12-28T13:47:48;2.33;;;1.63;;
10701;SDS011;5402;50.004;8.246;2022-12-28T13:50:17;2.43;;;1.70;;
10701;SDS011;5402;50.004;8.246;2022-12-28T13:52:49;2.57;;;1.60;;
10701;SDS011;5402;50.004;8.246;2022-12-28T13:55:24;2.63;;;1.60;;
10701;SDS011;5402;50.004;8.246;2022-12-28T13:57:55;2.77;;;1.80;;
10701;SDS011;5402;50.004;8.246;2022-12-28T14:00:25;4.07;;;1.70;;
10701;SDS011;5402;50.004;8.246;2022-12-28T14:02:54;1.63;;;1.53;;
10701;SDS011;5402;50.004;8.246;2022-12-28T14:05:22;1.80;;;1.43;;
10701;SDS011;5402;50.004;8.246;2022-12-28T14:07:50;1.80;;;1.70;;
10701;SDS011;5402;50.004;8.246;2022-12-28T14:10:20;2.07;;;1.60;;
10701;SDS011;5402;50.004;8.246;2022-12-28T14:12:51;2.37;;;1.63;;
10701;SDS011;5402;50.004;8.246;2022-12-28T14:15:19;2.73;;;1.70;;
10701;SDS011;5402;50.004;8.246;2022-12-28T14:17:52;3.03;;;1.70;;
10701;SDS011;5402;50.004;8.246;2022-12-28T14:20:21;3.60;;;1.50;;
10701;SDS011;5402;50.004;8.246;2022-12-28T14:22:48;2.20;;;1.80;;
10701;SDS011;5402;50.004;8.246;2022-12-28T14:25:16;4.17;;;1.47;;
10701;SDS011;5402;50.004;8.246;2022-12-28T14:27:45;1.70;;;1.60;;
10701;SDS011;5402;50.004;8.246;2022-12-28T14:30:22;2.70;;;1.90;;
10701;SDS011;5402;50.004;8.246;2022-12-28T14:32:51;3.07;;;1.67;;
10701;SDS011;5402;50.004;8.246;2022-12-28T14:35:21;2.03;;;1.50;;
10701;SDS011;5402;50.004;8.246;2022-12-28T14:37:51;3.67;;;1.73;;
10701;SDS011;5402;50.004;8.246;2022-12-28T14:40:27;2.77;;;1.77;;
10701;SDS011;5402;50.004;8.246;2022-12-28T14:42:58;2.93;;;1.60;;
10701;SDS011;5402;50.004;8.246;2022-12-28T14:45:37;2.07;;;1.87;;
10701;SDS011;5402;50.004;8.246;2022-12-28T14:48:20;2.80;;;1.80;;
10701;SDS011;5402;50.004;8.246;2022-12-28T14:50:53;3.03;;;1.70;;
10701;SDS011;5402;50.004;8.246;2022-12-28T14:53:25;3.50;;;1.80;;
10701;SDS011;5402;50.004;8.246;2022-12-28T14:55:53;3.10;;;1.80;;
10701;SDS011;5402;50.004;8.246;2022-12-28T14:58:26;4.27;;;1.60;;
10701;SDS011;5402;50.004;8.246;2022-12-28T15:01:18;2.17;;;1.40;;
10701;SDS011;5402;50.004;8.246;2022-12-28T15:03:50;1.37;;;1.27;;
10701;SDS011;5402;50.004;8.246;2022-12-28T15:06:35;3.17;;;1.47;;
10701;SDS011;5402;50.004;8.246;2022-12-28T15:09:11;2.17;;;1.30;;
10701;SDS011;5402;50.004;8.246;2022-12-28T15:11:44;1.50;;;1.40;;
10701;SDS011;5402;50.004;8.246;2022-12-28T15:14:12;2.57;;;1.40;;
10701;SDS011;5402;50.004;8.246;2022-12-28T15:16:43;1.57;;;1.33;;
10701;SDS011;5402;50.004;8.246;2022-12-28T15:19:09;1.83;;;1.60;;
10701;SDS011;5402;50.004;8.246;2022-12-28T15:21:36;1.90;;;1.37;;
10701;SDS011;5402;50.004;8.246;2022-12-28T15:24:03;2.47;;;1.50;;
10701;SDS011;5402;50.004;8.246;2022-12-28T15:26:31;2.80;;;1.47;;
10701;SDS011;5402;50.004;8.246;2022-12-28T15:29:02;1.63;;;1.40;;
10701;SDS011;5402;50.004;8.246;2022-12-28T15:31:30;2.57;;;1.80;;
10701;SDS011;5402;50.004;8.246;2022-12-28T15:33:57;1.67;;;1.27;;
10701;SDS011;5402;50.004;8.246;2022-12-28T15:36:24;1.87;;;1.40;;
10701;SDS011;5402;50.004;8.246;2022-12-28T15:38:54;2.13;;;1.37;;
10701;SDS011;5402;50.004;8.246;2022-12-28T15:41:23;1.40;;;1.30;;
10701;SDS011;5402;50.004;8.246;2022-12-28T15:44:09;2.63;;;1.63;;
10701;SDS011;5402;50.004;8.246;2022-12-28T15:46:37;2.57;;;2.13;;
10701;SDS011;5402;50.004;8.246;2022-12-28T15:49:04;1.87;;;1.40;;
10701;SDS011;5402;50.004;8.246;2022-12-28T15:51:32;3.53;;;1.70;;
10701;SDS011;5402;50.004;8.246;2022-12-28T15:54:00;2.47;;;1.70;;
10701;SDS011;5402;50.004;8.246;2022-12-28T15:56:28;3.00;;;1.60;;
10701;SDS011;5402;50.004;8.246;2022-12-28T15:58:57;1.93;;;1.33;;
10701;SDS011;5402;50.004;8.246;2022-12-28T16:01:25;1.50;;;1.40;;
10701;SDS011;5402;50.004;8.246;2022-12-28T16:03:55;1.93;;;1.47;;
10701;SDS011;5402;50.004;8.246;2022-12-28T16:06:23;1.87;;;1.43;;
10701;SDS011;5402;50.004;8.246;2022-12-28T16:08:51;2.00;;;1.60;;
10701;SDS011;5402;50.004;8.246;2022-12-28T16:11:19;2.03;;;1.53;;
10701;SDS011;5402;50.004;8.246;2022-12-28T16:13:48;1.83;;;1.37;;
10701;SDS011;5402;50.004;8.246;2022-12-28T16:16:16;2.60;;;1.53;;
10701;SDS011;5402;50.004;8.246;2022-12-28T16:18:44;2.07;;;1.47;;
10701;SDS011;5402;50.004;8.246;2022-12-28T16:21:12;2.30;;;1.47;;
10701;SDS011;5402;50.004;8.246;2022-12-28T16:23:40;3.80;;;1.40;;
10701;SDS011;5402;50.004;8.246;2022-12-28T16:26:08;2.67;;;1.57;;
10701;SDS011;5402;50.004;8.246;2022-12-28T16:28:37;2.67;;;1.67;;
10701;SDS011;5402;50.004;8.246;2022-12-28T16:31:06;1.73;;;1.50;;
10701;SDS011;5402;50.004;8.246;2022-12-28T16:33:33;3.17;;;1.60;;
10701;SDS011;5402;50.004;8.246;2022-12-28T16:36:09;2.10;;;1.50;;
10701;SDS011;5402;50.004;8.246;2022-12-28T16:38:40;4.00;;;2.10;;
10701;SDS011;5402;50.004;8.246;2022-12-28T16:41:07;2.97;;;1.60;;
10701;SDS011;5402;50.004;8.246;2022-12-28T16:43:33;4.17;;;1.70;;
10701;SDS011;5402;50.004;8.246;2022-12-28T16:46:01;3.20;;;2.10;;
10701;SDS011;5402;50.004;8.246;2022-12-28T16:48:31;2.53;;;1.87;;
10701;SDS011;5402;50.004;8.246;2022-12-28T16:50:58;2.30;;;1.97;;
10701;SDS011;5402;50.004;8.246;2022-12-28T16:53:27;2.60;;;2.00;;
10701;SDS011;5402;50.004;8.246;2022-12-28T16:55:54;2.63;;;2.20;;
10701;SDS011;5402;50.004;8.246;2022-12-28T16:58:24;2.20;;;2.00;;
10701;SDS011;5402;50.004;8.246;2022-12-28T17:00:51;6.23;;;4.80;;
10701;SDS011;5402;50.004;8.246;2022-12-28T17:03:18;3.53;;;2.60;;
10701;SDS011;5402;50.004;8.246;2022-12-28T17:05:47;2.60;;;1.93;;
10701;SDS011;5402;50.004;8.246;2022-12-28T17:08:20;3.40;;;1.93;;
10701;SDS011;5402;50.004;8.246;2022-12-28T17:10:51;5.33;;;3.03;;
10701;SDS011;5402;50.004;8.246;2022-12-28T17:13:18;1.60;;;1.50;;
10701;SDS011;5402;50.004;8.246;2022-12-28T17:15:45;2.00;;;1.67;;
10701;SDS011;5402;50.004;8.246;2022-12-28T17:18:12;1.90;;;1.70;;
10701;SDS011;5402;50.004;8.246;2022-12-28T17:20:43;5.33;;;1.67;;
10701;SDS011;5402;50.004;8.246;2022-12-28T17:23:11;3.40;;;2.00;;
10701;SDS011;5402;50.004;8.246;2022-12-28T17:25:38;3.30;;;1.90;;
10701;SDS011;5402;50.004;8.246;2022-12-28T17:28:08;4.10;;;1.90;;
10701;SDS011;5402;50.004;8.246;2022-12-28T17:30:35;2.17;;;1.80;;
10701;SDS011;5402;50.004;8.246;2022-12-28T17:33:02;2.97;;;1.97;;
10701;SDS011;5402;50.004;8.246;2022-12-28T17:35:28;2.53;;;1.70;;
10701;SDS011;5402;50.004;8.246;2022-12-28T17:37:55;2.53;;;1.93;;
10701;SDS011;5402;50.004;8.246;2022-12-28T17:40:22;3.47;;;1.73;;
10701;SDS011;5402;50.004;8.246;2022-12-28T17:42:51;2.43;;;1.87;;
10701;SDS011;5402;50.004;8.246;2022-12-28T17:45:19;2.13;;;1.80;;
10701;SDS011;5402;50.004;8.246;2022-12-28T17:47:46;5.47;;;2.47;;
10701;SDS011;5402;50.004;8.246;2022-12-28T17:50:12;4.50;;;2.50;;
10701;SDS011;5402;50.004;8.246;2022-12-28T17:52:42;4.53;;;2.70;;
10701;SDS011;5402;50.004;8.246;2022-12-28T17:55:09;4.70;;;2.33;;
10701;SDS011;5402;50.004;8.246;2022-12-28T17:57:36;5.93;;;3.30;;
10701;SDS011;5402;50.004;8.246;2022-12-28T18:00:03;3.73;;;3.30;;
10701;SDS011;5402;50.004;8.246;2022-12-28T18:05:01;5.70;;;3.33;;
10701;SDS011;5402;50.004;8.246;2022-12-28T18:07:28;4.93;;;3.13;;
10701;SDS011;5402;50.004;8.246;2022-12-28T18:09:55;4.87;;;4.07;;
10701;SDS011;5402;50.004;8.246;2022-12-28T18:12:22;19.80;;;15.50;;
10701;SDS011;5402;50.004;8.246;2022-12-28T18:14:48;5.37;;;4.33;;
10701;SDS011;5402;50.004;8.246;2022-12-28T18:17:15;4.37;;;2.70;;
10701;SDS011;5402;50.004;8.246;2022-12-28T18:19:48;4.40;;;3.17;;
10701;SDS011;5402;50.004;8.246;2022-12-28T18:22:19;2.80;;;2.27;;
10701;SDS011;5402;50.004;8.246;2022-12-28T18:24:47;5.33;;;3.00;;
10701;SDS011;5402;50.004;8.246;2022-12-28T18:27:14;6.47;;;3.80;;
10701;SDS011;5402;50.004;8.246;2022-12-28T18:29:42;4.63;;;2.90;;
10701;SDS011;5402;50.004;8.246;2022-12-28T18:32:09;5.17;;;3.00;;
10701;SDS011;5402;50.004;8.246;2022-12-28T18:34:36;4.13;;;3.13;;
10701;SDS011;5402;50.004;8.246;2022-12-28T18:37:04;3.87;;;2.97;;
10701;SDS011;5402;50.004;8.246;2022-12-28T18:39:31;5.83;;;3.53;;
10701;SDS011;5402;50.004;8.246;2022-12-28T18:41:58;5.07;;;3.53;;
10701;SDS011;5402;50.004;8.246;2022-12-28T18:44:25;4.70;;;3.60;;
10701;SDS011;5402;50.004;8.246;2022-12-28T18:46:52;5.30;;;3.60;;
10701;SDS011;5402;50.004;8.246;2022-12-28T18:49:19;4.60;;;3.63;;
10701;SDS011;5402;50.004;8.246;2022-12-28T18:51:47;5.63;;;4.07;;
10701;SDS011;5402;50.004;8.246;2022-12-28T18:54:15;4.83;;;3.10;;
10701;SDS011;5402;50.004;8.246;2022-12-28T18:56:44;5.57;;;3.90;;
10701;SDS011;5402;50.004;8.246;2022-12-28T18:59:12;4.53;;;3.43;;
10701;SDS011;5402;50.004;8.246;2022-12-28T19:01:39;4.77;;;3.47;;
10701;SDS011;5402;50.004;8.246;2022-12-28T19:04:06;6.00;;;4.00;;
10701;SDS011;5402;50.004;8.246;2022-12-28T19:06:33;6.03;;;4.17;;
10701;SDS011;5402;50.004;8.246;2022-12-28T19:09:00;5.63;;;3.50;;
10701;SDS011;5402;50.004;8.246;2022-12-28T19:11:30;5.13;;;3.80;;
10701;SDS011;5402;50.004;8.246;2022-12-28T19:13:57;6.13;;;4.97;;
10701;SDS011;5402;50.004;8.246;2022-12-28T19:16:24;7.03;;;4.50;;
10701;SDS011;5402;50.004;8.246;2022-12-28T19:18:51;5.33;;;4.20;;
10701;SDS011;5402;50.004;8.246;2022-12-28T19:21:23;5.50;;;3.43;;
10701;SDS011;5402;50.004;8.246;2022-12-28T19:23:54;3.17;;;2.53;;
10701;SDS011;5402;50.004;8.246;2022-12-28T19:26:22;2.50;;;2.23;;
10701;SDS011;5402;50.004;8.246;2022-12-28T19:28:51;2.73;;;2.10;;
10701;SDS011;5402;50.004;8.246;2022-12-28T19:31:18;4.13;;;1.60;;
10701;SDS011;5402;50.004;8.246;2022-12-28T19:33:46;1.80;;;1.60;;
10701;SDS011;5402;50.004;8.246;2022-12-28T19:36:13;2.23;;;1.37;;
10701;SDS011;5402;50.004;8.246;2022-12-28T19:38:39;1.60;;;1.50;;
10701;SDS011;5402;50.004;8.246;2022-12-28T19:41:11;1.97;;;1.63;;
10701;SDS011;5402;50.004;8.246;2022-12-28T19:43:40;2.50;;;1.77;;
10701;SDS011;5402;50.004;8.246;2022-12-28T19:46:14;2.33;;;1.80;;
10701;SDS011;5402;50.004;8.246;2022-12-28T19:48:43;3.10;;;1.93;;
10701;SDS011;5402;50.004;8.246;2022-12-28T19:51:10;3.67;;;1.70;;
10701;SDS011;5402;50.004;8.246;2022-12-28T19:53:38;2.60;;;1.80;;
10701;SDS011;5402;50.004;8.246;2022-12-28T19:56:05;2.57;;;1.90;;
10701;SDS011;5402;50.004;8.246;2022-12-28T19:58:36;2.80;;;1.90;;
10701;SDS011;5402;50.004;8.246;2022-12-28T20:01:05;2.80;;;1.90;;
10701;SDS011;5402;50.004;8.246;2022-12-28T20:03:39;3.77;;;1.80;;
10701;SDS011;5402;50.004;8.246;2022-12-28T20:06:08;2.53;;;1.87;;
10701;SDS011;5402;50.004;8.246;2022-12-28T20:08:39;3.30;;;1.93;;
10701;SDS011;5402;50.004;8.246;2022-12-28T20:11:12;2.10;;;1.90;;
10701;SDS011;5402;50.004;8.246;2022-12-28T20:13:39;2.57;;;1.90;;
10701;SDS011;5402;50.004;8.246;2022-12-28T20:16:07;2.87;;;2.40;;
10701;SDS011;5402;50.004;8.246;2022-12-28T20:18:34;2.17;;;1.70;;
10701;SDS011;5402;50.004;8.246;2022-12-28T20:21:03;4.73;;;2.30;;
10701;SDS011;5402;50.004;8.246;2022-12-28T20:23:31;2.30;;;2.10;;
10701;SDS011;5402;50.004;8.246;2022-12-28T20:25:57;2.60;;;1.97;;
10701;SDS011;5402;50.004;8.246;2022-12-28T20:28:24;2.80;;;2.00;;
10701;SDS011;5402;50.004;8.246;2022-12-28T20:30:51;2.50;;;2.13;;
10701;SDS011;5402;50.004;8.246;2022-12-28T20:33:19;3.43;;;2.50;;
10701;SDS011;5402;50.004;8.246;2022-12-28T20:35:54;6.10;;;2.27;;
10701;SDS011;5402;50.004;8.246;2022-12-28T20:38:22;3.53;;;2.37;;
10701;SDS011;5402;50.004;8.246;2022-12-28T20:40:59;2.70;;;2.00;;
10701;SDS011;5402;50.004;8.246;2022-12-28T20:43:27;3.53;;;2.60;;
10701;SDS011;5402;50.004;8.246;2022-12-28T20:45:53;2.87;;;2.20;;
10701;SDS011;5402;50.004;8.246;2022-12-28T20:48:19;3.63;;;2.27;;
10701;SDS011;5402;50.004;8.246;2022-12-28T20:50:46;4.40;;;3.20;;
10701;SDS011;5402;50.004;8.246;2022-12-28T20:53:13;3.20;;;2.83;;
10701;SDS011;5402;50.004;8.246;2022-12-28T20:55:44;3.37;;;2.77;;
10701;SDS011;5402;50.004;8.246;2022-12-28T20:58:12;3.97;;;3.00;;
10701;SDS011;5402;50.004;8.246;2022-12-28T21:00:42;3.63;;;2.53;;
10701;SDS011;5402;50.004;8.246;2022-12-28T21:03:09;3.13;;;2.37;;
10701;SDS011;5402;50.004;8.246;2022-12-28T21:05:36;3.90;;;2.90;;
10701;SDS011;5402;50.004;8.246;2022-12-28T21:08:02;4.40;;;2.50;;
10701;SDS011;5402;50.004;8.246;2022-12-28T21:10:29;3.17;;;2.63;;
10701;SDS011;5402;50.004;8.246;2022-12-28T21:12:57;4.03;;;2.67;;
10701;SDS011;5402;50.004;8.246;2022-12-28T21:15:24;5.03;;;3.27;;
10701;SDS011;5402;50.004;8.246;2022-12-28T21:17:54;4.43;;;3.40;;
10701;SDS011;5402;50.004;8.246;2022-12-28T21:20:21;6.73;;;3.03;;
10701;SDS011;5402;50.004;8.246;2022-12-28T21:22:51;4.20;;;2.90;;
10701;SDS011;5402;50.004;8.246;2022-12-28T21:25:22;4.20;;;2.57;;
10701;SDS011;5402;50.004;8.246;2022-12-28T21:27:49;3.93;;;2.80;;
10701;SDS011;5402;50.004;8.246;2022-12-28T21:30:17;5.20;;;3.47;;
10701;SDS011;5402;50.004;8.246;2022-12-28T21:32:57;4.27;;;2.80;;
10701;SDS011;5402;50.004;8.246;2022-12-28T21:35:24;3.20;;;2.40;;
10701;SDS011;5402;50.004;8.246;2022-12-28T21:37:51;4.20;;;2.57;;
10701;SDS011;5402;50.004;8.246;2022-12-28T21:40:17;5.23;;;2.77;;
10701;SDS011;5402;50.004;8.246;2022-12-28T21:42:53;4.63;;;2.27;;
10701;SDS011;5402;50.004;8.246;2022-12-28T21:45:23;3.47;;;2.60;;
10701;SDS011;5402;50.004;8.246;2022-12-28T21:47:50;5.07;;;2.67;;
10701;SDS011;5402;50.004;8.246;2022-12-28T21:50:17;4.77;;;2.60;;
10701;SDS011;5402;50.004;8.246;2022-12-28T21:52:45;4.50;;;2.80;;
10701;SDS011;5402;50.004;8.246;2022-12-28T21:55:12;3.77;;;2.63;;
10701;SDS011;5402;50.004;8.246;2022-12-28T21:57:56;3.73;;;2.57;;
10701;SDS011;5402;50.004;8.246;2022-12-28T22:00:26;3.97;;;2.67;;
10701;SDS011;5402;50.004;8.246;2022-12-28T22:03:12;4.57;;;3.30;;
10701;SDS011;5402;50.004;8.246;2022-12-28T22:05:57;4.47;;;2.63;;
10701;SDS011;5402;50.004;8.246;2022-12-28T22:08:28;4.33;;;2.33;;
10701;SDS011;5402;50.004;8.246;2022-12-28T22:11:13;3.60;;;2.60;;
10701;SDS011;5402;50.004;8.246;2022-12-28T22:14:01;2.63;;;2.37;;
10701;SDS011;5402;50.004;8.246;2022-12-28T22:16:32;3.40;;;2.10;;
10701;SDS011;5402;50.004;8.246;2022-12-28T22:19:00;2.57;;;1.90;;
10701;SDS011;5402;50.004;8.246;2022-12-28T22:21:28;2.27;;;1.73;;
10701;SDS011;5402;50.004;8.246;2022-12-28T22:23:55;2.07;;;1.73;;
10701;SDS011;5402;50.004;8.246;2022-12-28T22:26:22;2.73;;;2.00;;
10701;SDS011;5402;50.004;8.246;2022-12-28T22:28:50;3.07;;;2.10;;
10701;SDS011;5402;50.004;8.246;2022-12-28T22:31:19;2.27;;;1.77;;
10701;SDS011;5402;50.004;8.246;2022-12-28T22:33:47;4.10;;;1.90;;
10701;SDS011;5402;50.004;8.246;2022-12-28T22:36:22;2.33;;;1.90;;
10701;SDS011;5402;50.004;8.246;2022-12-28T22:38:48;4.27;;;2.07;;
10701;SDS011;5402;50.004;8.246;2022-12-28T22:41:18;3.60;;;1.93;;
10701;SDS011;5402;50.004;8.246;2022-12-28T22:43:47;1.87;;;1.70;;
10701;SDS011;5402;50.004;8.246;2022-12-28T22:46:15;4.37;;;1.70;;
10701;SDS011;5402;50.004;8.246;2022-12-28T22:48:43;3.23;;;1.90;;
10701;SDS011;5402;50.004;8.246;2022-12-28T22:51:15;3.07;;;1.80;;
10701;SDS011;5402;50.004;8.246;2022-12-28T22:53:42;2.80;;;1.97;;
10701;SDS011;5402;50.004;8.246;2022-12-28T22:56:09;2.80;;;2.00;;
10701;SDS011;5402;50.004;8.246;2022-12-28T22:58:39;3.27;;;1.90;;
10701;SDS011;5402;50.004;8.246;2022-12-28T23:01:07;3.43;;;1.90;;
10701;SDS011;5402;50.004;8.246;2022-12-28T23:03:35;2.40;;;1.87;;
10701;SDS011;5402;50.004;8.246;2022-12-28T23:06:04;3.20;;;1.90;;
10701;SDS011;5402;50.004;8.246;2022-12-28T23:08:31;3.43;;;1.90;;
10701;SDS011;5402;50.004;8.246;2022-12-28T23:11:04;3.17;;;2.10;;
10701;SDS011;5402;50.004;8.246;2022-12-28T23:13:53;2.23;;;1.93;;
10701;SDS011;5402;50.004;8.246;2022-12-28T23:16:19;1.93;;;1.70;;
10701;SDS011;5402;50.004;8.246;2022-12-28T23:18:45;4.97;;;2.37;;
10701;SDS011;5402;50.004;8.246;2022-12-28T23:21:31;2.33;;;1.67;;
10701;SDS011;5402;50.004;8.246;2022-12-28T23:24:15;2.83;;;2.07;;
10701;SDS011;5402;50.004;8.246;2022-12-28T23:26:59;3.10;;;1.70;;
10701;SDS011;5402;50.004;8.246;2022-12-28T23:29:50;4.10;;;1.90;;
10701;SDS011;5402;50.004;8.246;2022-12-28T23:32:17;3.20;;;2.00;;
10701;SDS011;5402;50.004;8.246;2022-12-28T23:34:44;2.37;;;1.90;;
10701;SDS011;5402;50.004;8.246;2022-12-28T23:37:14;4.20;;;1.87;;
10701;SDS011;5402;50.004;8.246;2022-12-28T23:39:51;1.87;;;1.60;;
10701;SDS011;5402;50.004;8.246;2022-12-28T23:42:19;5.10;;;2.20;;
10701;SDS011;5402;50.004;8.246;2022-12-28T23:44:46;2.37;;;1.67;;
10701;SDS011;5402;50.004;8.246;2022-12-28T23:47:14;3.53;;;1.73;;
10701;SDS011;5402;50.004;8.246;2022-12-28T23:49:41;2.83;;;2.10;;
10701;SDS011;5402;50.004;8.246;2022-12-28T23:52:08;2.60;;;1.83;;
10701;SDS011;5402;50.004;8.246;2022-12-28T23:54:45;2.97;;;1.70;;
10701;SDS011;5402;50.004;8.246;2022-12-28T23:57:12;2.53;;;1.70;;
10701;SDS011;5402;50.004;8.246;2022-12-28T23:59:39;2.87;;;2.00;;
